,Name,PDGANumber,Division,EventTour,TopEight,TopSixteen,TopThirtyTwo,AverageFinish,SilverSeriesStops,EliteSeriesStops,PDPTStops,NTStopsBeforeMCO
0,Richard Wysocki,38008,MPO,NT,1000,1000,1000,1.105,0,0,0,4
1,Hailey King,81351,FPO,NT,1000,1000,1000,2.648,0,0,0,3
2,Matthew Orum,18330,MPO,NT,0,438,956,18.85,0,0,0,2
3,Holly Finley,51277,FPO,NT,702,1000,1000,7.648,0,0,0,3
4,Paul McBeth,27523,MPO,NT,1000,1000,1000,3.66,0,0,0,3
5,Rebecca Cox,32917,FPO,NT,0,200,1000,18.429,0,0,0,3
6,Chris Dickerson,62467,MPO,NT,857,998,1000,6.358,0,0,0,3
7,Catrina Allen,44184,FPO,NT,1000,1000,1000,1.0,0,0,0,4
8,Alexis Mandujano,62880,FPO,NT,0,1000,1000,13.883,0,0,0,3
9,Missy Gannon,85942,FPO,NT,337,1000,1000,8.932,0,0,0,3
10,Garrett Gurthie,13864,MPO,NT,95,657,1000,15.115,0,0,0,4
11,Kevin Jones,41760,MPO,NT,965,1000,1000,6.895,0,0,0,3
12,Calvin Heimburg,45971,MPO,NT,964,1000,1000,3.9,0,0,0,4
13,Valerie Mandujano,62879,FPO,NT,0,1000,1000,11.292,0,0,0,3
14,James Conrad,17295,MPO,NT,949,1000,1000,4.081,0,0,0,4
15,Eagle Wynne McMahon,37817,MPO,NT,0,440,1000,16.754,0,0,0,2
16,Jessica Weese,50656,FPO,NT,733,999,1000,7.465,0,0,0,4
17,Casey White,81739,MPO,NT,412,943,1000,10.263,0,0,0,4
18,Sarah Hokom,34563,FPO,NT,44,916,1000,12.888,0,0,0,3
19,Ohn Scoggins,48976,FPO,NT,0,865,1000,15.609,0,0,0,3
20,Gregg Barsby,15857,MPO,NT,0,958,1000,13.887,0,0,0,3
21,Paige Pierce,29190,FPO,NT,998,1000,1000,4.078,0,0,0,3
22,Jeremy Koling,33705,MPO,NT,0,0,1000,23.481,0,0,0,2
23,Nathan Queen,68286,MPO,NT,0,5,658,31.321,0,0,0,3
24,Joel Freeman,69509,MPO,NT,2,300,908,21.243,0,0,0,3
25,Alden Harris,98091,MPO,NT,332,755,1000,11.578,0,0,0,4
26,Heather Young,100965,FPO,NT,615,991,1000,8.224,0,0,0,3
27,Stephanie Vincent,29947,FPO,NT,0,0,1000,22.654,0,0,0,2
28,Lisa Fajkus,32654,FPO,NT,0,246,1000,17.046,0,0,0,3
29,Erika Stinchcomb,71262,FPO,NT,629,1000,1000,7.959,0,0,0,4
30,Nikko Locastro,11534,MPO,NT,0,0,658,31.779,0,0,0,3
31,Emerson Keith,47472,MPO,NT,79,610,1000,15.71,0,0,0,4
32,Terry Rothlisberger,57493,MPO,NT,0,0,365,38.816,0,0,0,3
33,Austin Hoop,72423,MPO,NT,0,0,0,51.799,0,0,0,2
34,Kat Mertsch,99455,FPO,NT,717,1000,1000,7.383,0,0,0,4
35,Casey Pennington,74708,FPO,NT,0,0,0,43.203,0,0,0,1
36,Sara Sinclair,41012,FPO,NT,0,0,1000,22.389,0,0,0,3
37,Sami Keddington,52010,FPO,NT,0,0,0,46.921,0,0,0,1
38,Maria Oliva,63257,FPO,NT,0,18,1000,18.15,0,0,0,3
39,Chandler Fry,25541,MPO,NT,0,253,905,22.329,0,0,0,3
40,Colten Montgomery,35876,MPO,NT,149,650,1000,14.559,0,0,0,4
41,Alex Russell,66362,MPO,NT,17,365,1000,19.908,0,0,0,3
42,Kyle Klein,85132,MPO,NT,0,0,1000,25.507,0,0,0,2
43,Ellen Widboom,58276,FPO,NT,320,971,1000,10.411,0,0,0,4
44,Krissie Fountain,73693,FPO,NT,0,0,0,51.043,0,0,0,1
45,Des Reading,15863,FPO,NT,0,0,0,52.617,0,0,0,1
46,Brian Earhart,45879,MPO,NT,0,0,101,53.956,0,0,0,4
47,Matt Bell,48950,MPO,NT,17,398,1000,19.568,0,0,0,4
48,Ezra Robinson,50671,MPO,NT,1,305,959,21.377,0,0,0,3
49,Adam Hammes,57365,MPO,NT,964,1000,1000,3.743,0,0,0,4
50,Nate Perkins,65737,MPO,NT,0,0,94,53.718,0,0,0,2
51,Julie Eagle,78135,FPO,NT,0,0,1000,26.969,0,0,0,2
52,Raven Newsom,88212,MPO,NT,0,74,681,27.62,0,0,0,4
53,Brodie Smith,128378,MPO,NT,0,0,0,43.371,0,0,0,2
54,Deann Carey,66842,FPO,NT,23,605,1000,15.571,0,0,0,4
55,Kona Star Panis,27832,FPO,NT,1000,1000,1000,2.41,0,0,0,4
56,Stacie Rawnsley,122208,FPO,NT,2,292,1000,17.713,0,0,0,4
57,Shannon Prendergast,65961,FPO,NT,0,0,1000,22.058,0,0,0,3
58,Hannah McBeth,66939,FPO,NT,0,0,851,31.778,0,0,0,2
59,Jenny Umstead,42066,FPO,NT,0,0,0,63.0,0,0,0,1
60,Miles Seaborn,29264,MPO,NT,0,0,0,39.607,0,0,0,2
61,Bradley Williams,31644,MPO,NT,0,0,237,46.832,0,0,0,2
62,Zach Melton,38631,MPO,NT,0,0,74,56.179,0,0,0,3
63,Chris Clemons,50401,MPO,NT,43,562,1000,16.685,0,0,0,4
64,Esther Schultz,79049,FPO,NT,0,0,0,64.0,0,0,0,1
65,Rochelle Browning,101496,FPO,NT,0,0,0,67.0,0,0,0,1
66,Katelyn Belty,106422,FPO,NT,0,0,0,40.254,0,0,0,2
67,Chelsea Harden,63377,FPO,NT,0,0,0,41.538,0,0,0,2
68,Anna Pinter,106489,FPO,NT,0,0,0,45.544,0,0,0,2
69,Chris Harris,37146,MPO,NT,0,0,0,76.425,0,0,0,1
70,Luke Humphries,69424,MPO,NT,0,0,0,76.425,0,0,0,2
71,Elijah Bickel,94844,MPO,NT,0,0,0,76.425,0,0,0,2
72,Hali Trevena,56845,FPO,NT,0,0,0,71.0,0,0,0,1
73,Christina Linthicum,50045,FPO,NT,0,0,0,74.0,0,0,0,1
74,Benjamin Callaway,39015,MPO,NT,44,490,1000,17.451,0,0,0,4
75,Mason Ford,72844,MPO,NT,0,0,0,38.607,0,0,0,3
76,Jason Mathe,98861,MPO,NT,0,0,0,84.316,0,0,0,1
77,Chandler Kramer,139228,MPO,NT,0,0,0,84.316,0,0,0,1
78,Austin Hannum,68835,MPO,NT,0,0,276,44.434,0,0,0,4
79,Thomas Gilbert,85850,MPO,NT,0,0,5,36.441,0,0,0,3
80,Kevin Kiefer III,97115,MPO,NT,0,0,0,92.71,0,0,0,1
81,Jonathan Nicholson,101390,MPO,NT,0,0,12,68.578,0,0,0,4
82,Nolan Grider,13219,MPO,NT,0,0,0,92.71,0,0,0,1
83,Coda Hatfield,23651,MPO,NT,0,0,0,92.71,0,0,0,1
84,Paul Ulibarri,27171,MPO,NT,134,697,1000,14.028,0,0,0,4
85,Tanner Girouard,88077,MPO,NT,0,0,0,92.71,0,0,0,1
86,Timothy Escobedo Jr,22698,MPO,NT,0,0,0,92.71,0,0,0,1
87,Chase Van Burkleo,58680,MPO,NT,0,0,0,92.71,0,0,0,1
88,John Willis II,23844,MPO,NT,0,0,0,92.71,0,0,0,2
89,Alan Wagner,28550,MPO,NT,0,0,4,76.156,0,0,0,4
90,Michael Hoffman,46997,MPO,NT,0,0,0,88.914,0,0,0,2
91,Jesse Ginthum,49975,MPO,NT,0,0,0,92.71,0,0,0,2
92,Eric Oakley,53565,MPO,NT,0,93,745,26.315,0,0,0,4
93,Isaac Marrs,65220,MPO,NT,0,0,0,92.71,0,0,0,1
94,Jason Hebenheimer,43762,MPO,NT,0,0,31,54.935,0,0,0,4
95,Zackeriath Johnson,50312,MPO,NT,0,0,0,44.897,0,0,0,2
96,Trevon Crowe,67172,MPO,NT,0,0,0,84.523,0,0,0,2
97,Aidan Guthrie,96832,MPO,NT,0,0,0,92.71,0,0,0,1
98,Connor O'Reilly,99648,MPO,NT,0,0,3,74.39,0,0,0,4
99,Reid Frescura,48338,MPO,NT,0,0,0,78.988,0,0,0,3
100,Noah Meintsma,56555,MPO,NT,0,0,128,50.895,0,0,0,4
101,Ian Burchett,60435,MPO,NT,0,0,2,85.275,0,0,0,3
102,Garrett Tapken,48873,MPO,NT,0,0,0,92.71,0,0,0,1
103,Luke Samson,59419,MPO,NT,0,0,96,53.805,0,0,0,4
104,Kennan Johnson,77936,MPO,NT,0,0,0,92.71,0,0,0,1
105,Michael Arauza,87267,MPO,NT,0,0,0,92.71,0,0,0,1
106,William Schram,127314,MPO,NT,0,0,0,92.71,0,0,0,2
107,Jay Yeti Reading,15864,MPO,NT,0,0,0,92.71,0,0,0,1
108,Justin Freeman,33878,MPO,NT,0,0,0,92.71,0,0,0,1
109,Marshall Blanks,56886,MPO,NT,0,0,0,92.71,0,0,0,3
110,AJ Carey,61770,MPO,NT,0,0,167,47.662,0,0,0,4
111,Elijah Brown,141178,MPO,NT,0,0,0,92.71,0,0,0,1
112,Gavin Rathbun,60436,MPO,NT,0,0,862,30.875,0,0,0,3
113,Mark Chapalonis,70741,MPO,NT,0,0,0,86.385,0,0,0,2
114,Ezra Aderhold,121715,MPO,NT,0,10,661,31.405,0,0,0,3
115,Patrick Brown,25713,MPO,NT,0,0,0,92.71,0,0,0,1
116,G.T. Hancock,49885,MPO,NT,0,0,0,92.71,0,0,0,2
117,Anthony AP Perkins,71308,MPO,NT,0,0,0,92.71,0,0,0,1
118,James King,77736,MPO,NT,0,0,0,92.71,0,0,0,1
119,Mason Marchbanks,79753,MPO,NT,0,0,0,92.71,0,0,0,1
120,Fredy Meza,100497,MPO,NT,0,0,0,92.71,0,0,0,1
121,Seth Talbott,114877,MPO,NT,0,0,0,92.71,0,0,0,1
122,Brandon Cawthorne,60069,MPO,NT,0,0,0,92.71,0,0,0,1
123,Caleb Wilkins,60469,MPO,NT,0,0,0,92.71,0,0,0,1
124,Nathaniel Weaver,118469,MPO,NT,0,0,0,92.71,0,0,0,1
125,Kirk Trevena,45433,MPO,NT,0,0,0,92.71,0,0,0,1
126,Jeffery Franklin,100464,MPO,NT,0,0,0,92.71,0,0,0,1
127,Joey Temali,100818,MPO,NT,0,0,0,88.768,0,0,0,2
128,Jordan Smith,77952,MPO,NT,0,0,0,92.71,0,0,0,1
129,Alexander Lyon,80636,MPO,NT,0,0,0,92.71,0,0,0,2
130,Jared Stoll,68103,MPO,NT,0,0,0,92.71,0,0,0,2
131,Tyler Swanson,70601,MPO,NT,0,0,0,92.71,0,0,0,1
132,Erik Knoll,113775,MPO,NT,0,0,0,92.71,0,0,0,1
133,Caleb Sanders,127230,MPO,NT,0,0,0,92.71,0,0,0,1
134,Kyle Tiny New,57123,MPO,NT,0,0,0,92.71,0,0,0,1
135,Marcus Stephens,58712,MPO,NT,0,0,0,92.71,0,0,0,1
136,David Stepp,82360,MPO,NT,0,0,0,92.71,0,0,0,2
137,Jeremy Hunter,89729,MPO,NT,0,0,0,92.71,0,0,0,1
138,Trent Hadaway,58058,MPO,NT,0,0,0,92.71,0,0,0,1
139,Gavin Ossenkop,60331,MPO,NT,0,0,0,92.71,0,0,0,1
140,Drew Boggs,75200,MPO,NT,0,0,0,92.71,0,0,0,1
141,Noah Fiveash,99153,MPO,NT,0,0,1,86.855,0,0,0,3
142,Aaron Gossage,35449,MPO,NT,0,0,0,92.71,0,0,0,1
143,Austin Spradlin,51740,MPO,NT,0,0,0,92.71,0,0,0,1
144,James Kulinski,79476,MPO,NT,0,0,0,92.71,0,0,0,2
145,Darrin Wilder,95841,MPO,NT,0,0,0,92.71,0,0,0,1
146,Levi Hancock,103050,MPO,NT,0,0,0,85.434,0,0,0,3
147,Salem Mhanna,42671,MPO,NT,0,0,0,92.71,0,0,0,1
148,Tommy Koons,29107,MPO,NT,0,0,0,92.71,0,0,0,1
149,Matt Odenwelder,31710,MPO,NT,0,0,0,92.71,0,0,0,1
150,Alex Berg,65488,MPO,NT,0,0,0,92.71,0,0,0,2
151,Loren Lewis,68695,MPO,NT,0,0,0,92.71,0,0,0,1
152,Isaiah Morava,114044,MPO,NT,0,0,0,92.71,0,0,0,1
153,Evan Jolliff,107758,MPO,NT,0,0,0,92.71,0,0,0,1
154,Joe Bishop,49211,MPO,NT,0,0,0,92.71,0,0,0,1
155,Daniel Ainsworth,101541,MPO,NT,0,0,0,92.71,0,0,0,1
156,Mark Reynolds,45891,MPO,NT,0,0,0,92.71,0,0,0,1
157,Devontay Brown,72036,MPO,NT,0,0,0,92.71,0,0,0,1
158,Joey Duckett,39009,MPO,NT,0,0,0,92.71,0,0,0,1
159,Joey Foran,98631,MPO,NT,0,0,0,92.71,0,0,0,1
160,Chris Leifeste,20069,MPO,NT,0,0,0,92.71,0,0,0,1
161,Mark McAlister,16672,MPO,NT,0,0,0,92.71,0,0,0,1
162,Nicholas Favara,85562,MPO,NT,0,0,0,92.71,0,0,0,1
163,Joshua Brunsmann,88177,MPO,NT,0,0,0,92.71,0,0,0,1
164,Dylan Steele,105048,MPO,NT,0,0,0,92.71,0,0,0,1
165,Anthony Williams,47714,MPO,NT,0,0,0,92.71,0,0,0,1
166,Anthony Angel,83681,MPO,NT,0,0,0,92.71,0,0,0,2
167,Jonathan Glass,143717,MPO,NT,0,0,0,92.71,0,0,0,1
168,Carlton Reynolds,99695,MPO,NT,0,0,0,92.71,0,0,0,2
169,Brady O'Brien,20766,MPO,NT,0,0,0,92.71,0,0,0,1
170,Steven Sinclair,66168,MPO,NT,0,0,0,92.71,0,0,0,1
171,Mitchel Sorrels,37275,MPO,NT,0,0,0,92.71,0,0,0,1
172,Shea Callahan,36806,MPO,NT,0,0,0,92.71,0,0,0,1
173,Akeem Williams,37719,MPO,NT,0,0,0,92.71,0,0,0,1
174,Louie Garcia,40386,MPO,NT,0,0,0,92.71,0,0,0,1
175,Chase Steed,93333,MPO,NT,0,0,0,92.71,0,0,0,1
176,Kyle Griffin,67149,MPO,NT,0,0,0,92.71,0,0,0,2
177,Macie Walker,104187,FPO,NT,0,0,1000,29.286,0,0,0,1
178,Drew Gibson,48346,MPO,NT,0,43,1000,19.097,0,0,0,2
179,Jennifer Allen,15354,FPO,NT,0,0,0,34.471,0,0,0,1
180,Emily Beach,61144,FPO,NT,0,0,0,34.471,0,0,0,1
181,Andrew Presnell,63765,MPO,NT,0,0,0,44.897,0,0,0,1
182,Sarah Gilpin,87338,FPO,NT,0,0,0,38.176,0,0,0,1
183,Ty Love,89959,MPO,NT,0,0,0,49.847,0,0,0,1
184,Vanessa Van Dyken,62325,FPO,NT,0,0,1000,23.718,0,0,0,2
185,Nolan Ramser,90461,MPO,NT,0,0,0,53.773,0,0,0,1
186,Paige Shue,33833,FPO,NT,0,0,0,46.921,0,0,0,1
187,Tim Barham,53332,MPO,NT,0,0,0,56.561,0,0,0,2
188,Anthony Barela,44382,MPO,NT,0,0,0,59.745,0,0,0,1
189,Gannon Buhr,75412,MPO,NT,0,0,0,59.745,0,0,0,1
190,Cynthia Ricciotti,75029,FPO,NT,0,0,332,32.935,0,0,0,2
191,Leah Tsinajinnie,139109,FPO,NT,0,0,1000,25.65,0,0,0,3
192,Andrew Marwede,75590,MPO,NT,0,0,285,43.72,0,0,0,2
193,Clint Calvin,84958,MPO,NT,0,0,0,68.612,0,0,0,1
194,Raven Klein,138272,FPO,NT,0,0,0,59.23,0,0,0,1
195,Lauren Butler,65489,FPO,NT,0,0,0,64.0,0,0,0,1
196,Tyler Liebman,24981,MPO,NT,0,0,0,72.111,0,0,0,1
197,Alyssa Pierson,122118,FPO,NT,0,0,1000,28.056,0,0,0,3
198,Sandra Richardson,56987,FPO,NT,0,0,0,68.0,0,0,0,1
199,Jordan Castro,49431,MPO,NT,0,0,0,74.91,0,0,0,1
200,Liz Torok,100817,FPO,NT,0,0,0,69.0,0,0,0,1
201,Jennifer Wheeling,55571,FPO,NT,0,0,0,71.0,0,0,0,1
202,JohnE McCray,9852,MPO,NT,0,0,0,86.385,0,0,0,1
203,Nathan Sexton,18824,MPO,NT,0,0,0,41.544,0,0,0,2
204,Ellie Bryant,104814,FPO,NT,0,0,0,74.0,0,0,0,1
205,Callie McMorran,64751,FPO,NT,0,0,0,76.0,0,0,0,1
206,Charles Behrhorst,42202,MPO,NT,0,0,0,83.675,0,0,0,2
207,Jake Lauber,44782,MPO,NT,0,0,0,92.71,0,0,0,1
208,Kyle Giovannini,60367,MPO,NT,0,0,0,92.71,0,0,0,1
209,Trevor Harbolt,26860,MPO,NT,0,0,0,92.71,0,0,0,2
210,Justin Rosak,98161,MPO,NT,0,0,0,84.275,0,0,0,2
211,Sam Drummond,100689,MPO,NT,0,0,0,84.999,0,0,0,2
212,Sam Lee,78519,MPO,NT,0,0,0,92.71,0,0,0,1
213,J.C. Kester,36777,MPO,NT,0,0,0,92.71,0,0,0,1
214,Tristan Tanner,99053,MPO,NT,0,0,1,83.247,0,0,0,3
215,Isaiah Esquivel,77939,MPO,NT,0,0,0,92.71,0,0,0,1
216,Garry Patton,49643,MPO,NT,0,0,0,92.71,0,0,0,1
217,Grady Shue,68285,MPO,NT,0,0,0,92.71,0,0,0,1
218,Nate Metzler,41220,MPO,NT,0,0,0,92.71,0,0,0,1
219,Isaac Heinen,44919,MPO,NT,0,0,0,92.71,0,0,0,1
220,Matthew Wolf,101774,MPO,NT,0,0,0,92.71,0,0,0,1
221,D.W. Hass,94907,MPO,NT,0,0,0,92.71,0,0,0,1
222,John Jones,43834,MPO,NT,0,0,0,92.71,0,0,0,1
223,Justin Bilodeau,45478,MPO,NT,0,0,0,92.71,0,0,0,1
224,Randon Latta,51685,MPO,NT,0,0,0,92.71,0,0,0,1
225,Dallas Wrinkle,88370,MPO,NT,0,0,0,92.71,0,0,0,1
226,Logan Harpool,101319,MPO,NT,0,0,0,92.71,0,0,0,1
227,Kyle Divelbiss,104419,MPO,NT,0,0,0,92.71,0,0,0,1
228,Kade Filimoehala,104984,MPO,NT,0,0,0,92.71,0,0,0,2
229,Dan Beto,31408,MPO,NT,0,0,0,92.71,0,0,0,1
230,Aidan Brock,59742,MPO,NT,0,0,0,92.71,0,0,0,1
231,Cole Redalen,79748,MPO,NT,0,0,0,92.71,0,0,0,1
232,Alexander Krause,100061,MPO,NT,0,0,0,92.71,0,0,0,1
233,Justin Farrell,112306,MPO,NT,0,0,0,92.71,0,0,0,1
234,Stephen Schroeder,48652,MPO,NT,0,0,0,92.71,0,0,0,1
235,Gavin Babcock,80331,MPO,NT,0,0,0,82.935,0,0,0,2
236,Jeffrey Bryk,18706,MPO,NT,0,0,0,92.71,0,0,0,1
237,Sean Swihart,68043,MPO,NT,0,0,0,92.71,0,0,0,1
238,Ryan Orton,31364,MPO,NT,0,0,0,92.71,0,0,0,1
239,Trevor Wilkerson,61404,MPO,NT,0,0,0,92.71,0,0,0,1
240,Quintin Becker,69961,MPO,NT,0,0,0,92.71,0,0,0,1
241,Phill Diloné,70955,MPO,NT,0,0,0,92.71,0,0,0,1
242,Collin Bailey,52115,MPO,NT,0,0,0,92.71,0,0,0,1
243,Joshua Patin,56037,MPO,NT,0,0,0,92.71,0,0,0,1
244,DeVan Owens,25168,MPO,NT,0,0,0,92.71,0,0,0,1
245,Billy Lund,24379,MPO,NT,0,0,0,92.71,0,0,0,1
246,Scott Conway,38603,MPO,NT,0,0,0,92.71,0,0,0,1
247,Lance Brown,58644,MPO,NT,0,0,5,73.243,0,0,0,3
248,Nathan Allton,73097,MPO,NT,0,0,0,92.71,0,0,0,1
249,Ben Llena,55402,MPO,NT,0,0,0,92.71,0,0,0,1
250,William Lister,31722,MPO,NT,0,0,0,92.71,0,0,0,1
251,Billy Engel,44458,MPO,NT,0,0,0,92.71,0,0,0,1
252,Robert Centala,77869,MPO,NT,0,0,0,92.71,0,0,0,1
253,Matt Vassil,112603,MPO,NT,0,0,0,92.71,0,0,0,1
254,Maximus Meyer,49865,MPO,NT,0,0,0,92.71,0,0,0,1
255,Peter Bures,50464,MPO,NT,0,0,0,92.71,0,0,0,1
256,Douglas Ferrio,89662,MPO,NT,0,0,0,92.149,0,0,0,2
257,Patrick McReynolds,49203,MPO,NT,0,0,0,92.71,0,0,0,1
258,Justin Larson,92107,MPO,NT,0,0,0,92.71,0,0,0,1
259,Christian Olsen,60666,MPO,NT,0,0,0,92.71,0,0,0,1
260,A.J. Cruz,56635,MPO,NT,0,0,0,92.71,0,0,0,1
261,Colin Poe,74005,MPO,NT,0,0,0,92.71,0,0,0,1
262,Dylan Brogren,128145,MPO,NT,0,0,0,92.71,0,0,0,1
263,Ross Marshall,76466,MPO,NT,0,0,0,92.71,0,0,0,1
264,Andrew Cornwell,78239,MPO,NT,0,0,0,92.71,0,0,0,1
265,Josiah Griffin,90955,MPO,NT,0,0,0,92.71,0,0,0,1
266,Drew Cantrell,80089,MPO,NT,0,0,0,92.71,0,0,0,1
267,Truyn Mosher,128154,MPO,NT,0,0,0,92.71,0,0,0,1
268,Shawn Sullivan,46190,MPO,NT,0,0,0,92.71,0,0,0,1
269,Maverick Robertson,65118,MPO,NT,0,0,0,92.71,0,0,0,1
270,Tyler Lamm,89459,MPO,NT,0,0,0,92.71,0,0,0,1
271,Josh Bergquist,72478,MPO,NT,0,0,0,92.71,0,0,0,1
272,Jonathan Propalis,55926,MPO,NT,0,0,0,88.0,0,0,0,2
273,Sias Elmore,57425,MPO,NT,0,0,0,89.076,0,0,0,2
274,Paige Pierce,29190,FPO,DGPT,1000,1000,1000,1.0,0,10,0,0
275,Eagle Wynne McMahon,37817,MPO,DGPT,1000,1000,1000,1.48,0,9,0,0
276,Catrina Allen,44184,FPO,DGPT,1000,1000,1000,2.0,2,10,0,0
277,Calvin Heimburg,45971,MPO,DGPT,1000,1000,1000,2.848,2,10,0,0
278,Ezra Aderhold,121715,MPO,DGPT,46,1000,1000,9.71,6,10,0,0
279,Jessica Weese,50656,FPO,DGPT,1000,1000,1000,4.659,3,10,0,0
280,Garrett Gurthie,13864,MPO,DGPT,0,999,1000,12.653,3,10,0,0
281,Ohn Scoggins,48976,FPO,DGPT,0,948,1000,13.297,1,5,0,0
282,Richard Wysocki,38008,MPO,DGPT,1000,1000,1000,1.672,3,9,0,0
283,Hailey King,81351,FPO,DGPT,1000,1000,1000,6.586,1,8,0,0
284,Kona Star Panis,27832,FPO,DGPT,1000,1000,1000,6.307,3,10,0,0
285,Sarah Hokom,34563,FPO,DGPT,1000,1000,1000,3.859,2,8,0,0
286,Drew Gibson,48346,MPO,DGPT,0,965,1000,12.886,2,8,0,0
287,Kevin Jones,41760,MPO,DGPT,1000,1000,1000,5.424,3,10,0,0
288,Brian Earhart,45879,MPO,DGPT,0,0,0,56.407,1,10,0,0
289,Rebecca Cox,32917,FPO,DGPT,0,1000,1000,12.883,3,8,0,0
290,Paul McBeth,27523,MPO,DGPT,1000,1000,1000,4.0,1,9,0,0
291,Missy Gannon,85942,FPO,DGPT,1000,1000,1000,3.586,3,10,0,0
292,Valerie Mandujano,62879,FPO,DGPT,18,1000,1000,10.427,1,7,0,0
293,Clint Calvin,84958,MPO,DGPT,0,0,0,67.856,1,1,0,0
294,James Conrad,17295,MPO,DGPT,839,1000,1000,7.227,2,10,0,0
295,Paul Ulibarri,27171,MPO,DGPT,0,274,1000,18.811,3,9,0,0
296,Nicole Bradley,51229,FPO,DGPT,0,0,0,37.461,1,2,0,0
297,Madison Walker,59431,FPO,DGPT,0,963,1000,14.179,0,8,0,0
298,Colten Montgomery,35876,MPO,DGPT,0,88,1000,21.329,3,10,0,0
299,Callie McMorran,64751,FPO,DGPT,0,0,1000,27.267,0,4,0,0
300,Lisa Fajkus,32654,FPO,DGPT,0,938,1000,13.731,3,6,0,0
301,Adam Hammes,57365,MPO,DGPT,406,1000,1000,8.503,2,10,0,0
302,Maria Oliva,63257,FPO,DGPT,0,0,1000,25.145,1,3,0,0
303,Thomas Gilbert,85850,MPO,DGPT,0,39,1000,24.332,3,10,0,0
304,Jeremy Koling,33705,MPO,DGPT,0,82,1000,22.352,2,9,0,0
305,Zoe AnDyke,39504,FPO,DGPT,0,0,999,29.979,1,3,0,0
306,Nathan Sexton,18824,MPO,DGPT,0,0,0,39.62,1,5,0,0
307,Terry Rothlisberger,57493,MPO,DGPT,0,0,56,41.639,3,8,0,0
308,Holyn Handley,133547,FPO,DGPT,0,0,0,38.513,1,2,0,0
309,Jennifer Allen,15354,FPO,DGPT,0,0,0,62.299,1,1,0,0
310,Philo Brathwaite,26416,MPO,DGPT,0,0,47,42.75,5,6,0,0
311,Madison Tomaino,60798,FPO,DGPT,0,0,0,50.538,0,2,0,0
312,Mason Ford,72844,MPO,DGPT,0,2,600,30.754,1,7,0,0
313,Cynthia Ricciotti,75029,FPO,DGPT,0,0,1000,19.863,3,8,0,0
314,Cale Leiviska,24341,MPO,DGPT,0,0,0,42.207,0,3,0,0
315,Eric Oakley,53565,MPO,DGPT,0,3,788,29.525,1,10,0,0
316,Alexis Mandujano,62880,FPO,DGPT,0,55,1000,18.262,1,7,0,0
317,Nathan Queen,68286,MPO,DGPT,0,1,504,32.143,4,9,0,0
318,Holly Finley,51277,FPO,DGPT,0,765,1000,15.382,2,8,0,0
319,Ella Hansen,144112,FPO,DGPT,0,0,1000,24.005,1,4,0,0
320,Chris Clemons,50401,MPO,DGPT,0,318,1000,17.52,2,10,0,0
321,Sai Ananda,58303,FPO,DGPT,0,0,0,43.934,0,2,0,0
322,Amy Bilodeau,63005,FPO,DGPT,0,0,0,84.23,0,1,0,0
323,Brodie Smith,128378,MPO,DGPT,0,0,186,37.103,5,8,0,0
324,Melodie Bailey,34751,FPO,DGPT,0,0,0,63.444,0,2,0,0
325,Erika Stinchcomb,71262,FPO,DGPT,0,0,1000,21.958,0,7,0,0
326,Austin Hoop,72423,MPO,DGPT,0,0,0,52.12,3,4,0,0
327,Chris Pinegar,74719,MPO,DGPT,0,0,0,95.425,1,1,0,0
328,Raven Newsom,88212,MPO,DGPT,0,1,656,30.543,4,9,0,0
329,Katelyn Belty,106422,FPO,DGPT,0,0,0,92.745,0,1,0,0
330,Elyse Reveles,109383,FPO,DGPT,0,0,0,74.622,1,1,0,0
331,Raven Klein,138272,FPO,DGPT,0,0,1,33.57,0,4,0,0
332,Scott Withers,38464,MPO,DGPT,0,0,0,47.604,1,4,0,0
333,Matt Bell,48950,MPO,DGPT,0,1,343,34.125,4,8,0,0
334,Zackeriath Johnson,50312,MPO,DGPT,0,0,31,44.695,3,7,0,0
335,Alex Russell,66362,MPO,DGPT,0,0,9,49.353,5,10,0,0
336,Cole Redalen,79748,MPO,DGPT,0,0,36,45.187,2,5,0,0
337,Deann Carey,66842,FPO,DGPT,965,1000,1000,8.035,5,10,0,0
338,Alyssa Weatherford,143049,FPO,DGPT,0,0,0,42.597,1,3,0,0
339,Courtney Cannon,70634,FPO,DGPT,0,0,1000,28.714,3,5,0,0
340,Carli Beith,85978,FPO,DGPT,0,0,0,105.599,0,1,0,0
341,Aaron Gossage,35449,MPO,DGPT,0,0,252,35.107,3,10,0,0
342,Anthony Barela,44382,MPO,DGPT,0,158,1000,20.954,2,9,0,0
343,Jordan Castro,49431,MPO,DGPT,0,0,0,64.373,1,7,0,0
344,Connor O'Reilly,99648,MPO,DGPT,0,0,0,52.99,6,10,0,0
345,Levi Hancock,103050,MPO,DGPT,0,0,0,87.442,4,7,0,0
346,Marysa Rosta,87523,FPO,DGPT,0,0,0,110.0,0,1,0,0
347,Sami Keddington,52010,FPO,DGPT,0,0,0,114.0,0,1,0,0
348,Leah Tsinajinnie,139109,FPO,DGPT,0,0,947,31.285,2,5,0,0
349,Laura Allocco,104030,FPO,DGPT,0,0,0,116.0,0,1,0,0
350,Justin Bunnell,20827,MPO,DGPT,0,0,0,101.462,0,3,0,0
351,Dallin Blanchard,72707,MPO,DGPT,0,0,0,128.487,0,1,0,0
352,Chris Blanchard,72709,MPO,DGPT,0,0,0,128.487,0,1,0,0
353,Kat Mertsch,99455,FPO,DGPT,2,1000,1000,11.02,5,10,0,0
354,Mei Bruist,147568,FPO,DGPT,0,0,0,120.0,0,1,0,0
355,Sandra Richardson,56987,FPO,DGPT,0,0,0,127.0,0,1,0,0
356,Alan Wagner,28550,MPO,DGPT,0,0,0,63.76,3,9,0,0
357,Carolina Halstead,113817,FPO,DGPT,0,0,0,130.0,0,1,0,0
358,Benjamin Callaway,39015,MPO,DGPT,0,126,1000,20.605,1,9,0,0
359,Ian Burchett,60435,MPO,DGPT,0,0,0,91.732,5,8,0,0
360,Andrew Presnell,63765,MPO,DGPT,0,3,719,29.581,2,9,0,0
361,Casey White,81739,MPO,DGPT,0,1,445,32.039,3,8,0,0
362,Kyle Klein,85132,MPO,DGPT,783,1000,1000,7.355,3,9,0,0
363,Sam Drummond,100689,MPO,DGPT,0,0,0,84.895,2,7,0,0
364,Rachel Trager,112608,FPO,DGPT,0,0,0,113.0,1,1,0,0
365,Alyssa Pierson,122118,FPO,DGPT,0,0,0,39.855,2,4,0,0
366,TONI OSIECKI,32716,FPO,DGPT,0,0,0,141.0,0,1,0,0
367,Samii The Tutu Maes,84007,FPO,DGPT,0,0,0,142.0,0,1,0,0
368,James Beckner,49519,MPO,DGPT,0,0,0,257.325,0,1,0,0
369,Nicholas Carl,82935,MPO,DGPT,0,0,0,204.975,0,2,0,0
370,Ty Love,89959,MPO,DGPT,0,0,0,75.995,1,2,0,0
371,Parker Welck,39491,MPO,DGPT,0,0,0,146.512,1,1,0,0
372,Maximus Meyer,49865,MPO,DGPT,0,0,0,194.82,1,3,0,0
373,Nate Perkins,65737,MPO,DGPT,0,0,0,88.894,2,8,0,0
374,Vincent Polidori,81039,MPO,DGPT,0,0,0,99.169,3,7,0,0
375,Austin Hannum,68835,MPO,DGPT,0,3,649,30.235,2,10,0,0
376,Sias Elmore,57425,MPO,DGPT,0,0,0,127.457,1,2,0,0
377,Isaac Bentley,89065,MPO,DGPT,0,0,0,307.468,0,1,0,0
378,Steve Berger,28091,MPO,DGPT,0,0,0,221.098,0,2,0,0
379,Chris Shotwell,41918,MPO,DGPT,0,0,0,221.098,0,2,0,0
380,Cameron Messerschmidt,58814,MPO,DGPT,0,0,0,116.087,2,4,0,0
381,Jeremy Novak,68696,MPO,DGPT,0,0,0,307.468,0,1,0,0
382,Tyler Swanson,70601,MPO,DGPT,0,0,0,307.468,0,1,0,0
383,Gregg Barsby,15857,MPO,DGPT,0,0,0,64.156,1,8,0,0
384,Cary Trotter,19147,MPO,DGPT,0,0,0,307.468,0,1,0,0
385,J.C. Kester,36777,MPO,DGPT,0,0,0,307.468,0,1,0,0
386,Nate Metzler,41220,MPO,DGPT,0,0,0,307.468,0,1,0,0
387,Emerson Keith,47472,MPO,DGPT,0,505,1000,16.29,2,10,0,0
388,Luke Samson,59419,MPO,DGPT,0,0,1,49.243,6,10,0,0
389,Trevor Harbolt,26860,MPO,DGPT,0,0,0,104.654,3,8,0,0
390,Kyle Griffin,67149,MPO,DGPT,0,0,0,159.431,2,5,0,0
391,Alexander Lyon,80636,MPO,DGPT,0,0,0,173.71,2,4,0,0
392,John Willis II,23844,MPO,DGPT,0,0,0,82.309,5,10,0,0
393,AJ Carey,61770,MPO,DGPT,0,0,23,43.584,5,10,0,0
394,Luke Humphries,69424,MPO,DGPT,0,0,0,53.87,3,10,0,0
395,Justin Gilbert,85457,MPO,DGPT,0,0,0,307.468,0,1,0,0
396,Tim Skellenger,26269,MPO,DGPT,0,0,0,221.098,0,2,0,0
397,Justin Bilodeau,45478,MPO,DGPT,0,0,0,221.098,0,2,0,0
398,Louis LaPorta,49094,MPO,DGPT,0,0,0,221.098,0,2,0,0
399,Tim Barham,53332,MPO,DGPT,0,0,0,62.003,4,6,0,0
400,Jacob McDaniel,79978,MPO,DGPT,0,0,0,307.468,0,1,0,0
401,Dan Schlitter,80219,MPO,DGPT,0,0,0,80.443,1,2,0,0
402,Kesler Martin,88497,MPO,DGPT,0,0,0,221.098,0,2,0,0
403,Kyle Divelbiss,104419,MPO,DGPT,0,0,0,168.846,1,5,0,0
404,Kade Filimoehala,104984,MPO,DGPT,0,0,0,73.935,1,4,0,0
405,Chris Brooks,13978,MPO,DGPT,0,0,0,194.82,1,3,0,0
406,Gavin Rathbun,60436,MPO,DGPT,0,1000,1000,12.705,5,8,0,0
407,Colton Bates,43369,MPO,DGPT,0,0,0,307.468,0,1,0,0
408,Jeremy Herr,56486,MPO,DGPT,0,0,0,307.468,0,1,0,0
409,Logan Riding,74221,MPO,DGPT,0,0,0,140.857,1,2,0,0
410,Mason Foltz,84401,MPO,DGPT,0,0,0,307.468,0,1,0,0
411,Koy Blanchard,100086,MPO,DGPT,0,0,0,307.468,0,1,0,0
412,Mike Lassuy,25645,MPO,DGPT,0,0,0,221.098,0,2,0,0
413,Zack Finwall,89111,MPO,DGPT,0,0,0,189.34,2,3,0,0
414,William Schram,127314,MPO,DGPT,0,0,0,144.829,3,7,0,0
415,Jason Hebenheimer,43762,MPO,DGPT,0,0,0,79.433,5,7,0,0
416,Jarod Gogal,72409,MPO,DGPT,0,0,0,307.468,0,1,0,0
417,Joey Temali,100818,MPO,DGPT,0,0,0,137.613,1,8,0,0
418,James Moore,31452,MPO,DGPT,0,0,0,119.249,1,2,0,0
419,Joey Nichols,103115,MPO,DGPT,0,0,0,307.468,0,1,0,0
420,Brandon Hauer,55021,MPO,DGPT,0,0,0,183.895,0,4,0,0
421,Douglas Ferrio,89662,MPO,DGPT,0,0,0,307.468,0,1,0,0
422,Aidan Guthrie,96832,MPO,DGPT,0,0,0,147.512,3,6,0,0
423,Kaleb Caplin,109666,MPO,DGPT,0,0,0,307.468,0,1,0,0
424,Christopher Robbins,109674,MPO,DGPT,0,0,0,307.468,0,1,0,0
425,Donovan Smith,49649,MPO,DGPT,0,0,0,221.098,0,2,0,0
426,A.J. Herr,56485,MPO,DGPT,0,0,0,307.468,0,1,0,0
427,Billy Armstrong,77543,MPO,DGPT,0,0,0,153.755,2,3,0,0
428,Tristan Tanner,99053,MPO,DGPT,0,0,0,75.992,1,8,0,0
429,Tyler Schrock,71872,MPO,DGPT,0,0,0,221.098,0,2,0,0
430,Chris Nelson,78697,MPO,DGPT,0,0,0,114.957,1,2,0,0
431,Jeremy Farnsworth,78805,MPO,DGPT,0,0,0,221.098,0,2,0,0
432,Landen Mortensen,119084,MPO,DGPT,0,0,0,217.076,1,2,0,0
433,Josh Miller,62910,MPO,DGPT,0,0,0,221.098,0,2,0,0
434,Connor Rock,73695,MPO,DGPT,0,0,0,307.468,0,1,0,0
435,Rick Mabbatt,97168,MPO,DGPT,0,0,0,307.468,0,1,0,0
436,Sean Kapalko,19453,MPO,DGPT,0,0,0,307.468,0,1,0,0
437,Shawn Sullivan,46190,MPO,DGPT,0,0,0,307.468,0,1,0,0
438,Andrew Rosta,67245,MPO,DGPT,0,0,0,307.468,0,1,0,0
439,Jake Schlagheck,23143,MPO,DGPT,0,0,0,221.098,0,2,0,0
440,Josiah Griffin,90955,MPO,DGPT,0,0,0,307.468,0,1,0,0
441,Corey Dryden,29812,MPO,DGPT,0,0,0,307.468,0,1,0,0
442,Joshua Johnson,96436,MPO,DGPT,0,0,0,307.468,0,1,0,0
443,Cam Tyler Rico,28560,MPO,DGPT,0,0,0,307.468,0,1,0,0
444,Alex Schimmelpfenning,37507,MPO,DGPT,0,0,0,221.098,0,2,0,0
445,Graham Russell,37909,MPO,DGPT,0,0,0,167.815,1,1,0,0
446,Steven Derochie,73363,MPO,DGPT,0,0,0,307.468,0,1,0,0
447,Sean Tapley,87506,MPO,DGPT,0,0,0,221.098,0,2,0,0
448,Jamalle Castillo,49514,MPO,DGPT,0,0,0,206.991,2,2,0,0
449,Austin Spradlin,51740,MPO,DGPT,0,0,0,307.468,0,1,0,0
450,Josh Bergquist,72478,MPO,DGPT,0,0,0,307.468,0,1,0,0
451,Wyatt Merritt,51603,MPO,DGPT,0,0,0,307.468,0,1,0,0
452,Chris Bates,35265,MPO,DGPT,0,0,0,221.098,0,2,0,0
453,Shea Callahan,36806,MPO,DGPT,0,0,0,307.468,0,1,0,0
454,Noah Meintsma,56555,MPO,DGPT,0,0,0,63.085,3,9,0,0
455,Tristan Lucerne,77246,MPO,DGPT,0,0,0,307.468,0,1,0,0
456,Clint McClellan,2366,MP60,.,0,0,0,0.0,0,0,0,0
457,Michael Ynfante,15596,MP50,.,0,0,0,0.0,0,0,0,0
458,Shasta Criss,28597,MP40,.,0,0,0,0.0,0,0,0,0
459,Joe Sofinowski,9955,MP60,.,0,0,0,0.0,0,0,0,0
460,Christopher Farnham,17686,MP40,.,0,0,0,0.0,0,0,0,0
461,Patrick Brown,25713,MP40,.,0,0,0,0.0,0,0,0,0
462,Craig Florence,87066,MP50,.,0,0,0,0.0,0,0,0,0
463,Heather Young,100965,FPO,DGPT,0,336,1000,16.58,2,5,0,0
464,Geoff Hungerford,688,MP60,.,0,0,0,0.0,0,0,0,0
465,Alex Bachicha,23690,MP50,.,0,0,0,0.0,0,0,0,0
466,Rich Harpel,50142,MP50,.,0,0,0,0.0,0,0,0,0
467,Jeff Cooper,4273,MP60,.,0,0,0,0.0,0,0,0,0
468,Jimmy Martinez,75178,MP40,.,0,0,0,0.0,0,0,0,0
469,Will Martin,2561,MP50,.,0,0,0,0.0,0,0,0,0
470,Vinnie Miller,5521,MP50,.,0,0,0,0.0,0,0,0,0
471,J.D. Ramirez,19857,MP40,.,0,0,0,0.0,0,0,0,0
472,Randy Ricks,119240,MP60,.,0,0,0,0.0,0,0,0,0
473,Jerry Perez Sr,9957,MP60,.,0,0,0,0.0,0,0,0,0
474,Chris Pepperling,15024,MP40,.,0,0,0,0.0,0,0,0,0
475,Mark Bowman,20495,MP60,.,0,0,0,0.0,0,0,0,0
476,Chris Dickerson,62467,MPO,DGPT,0,807,1000,14.305,3,5,0,0
477,Joel Freeman,69509,MPO,DGPT,0,382,1000,17.696,3,8,0,0
478,Alden Harris,98091,MPO,DGPT,0,0,0,55.464,4,8,0,0
479,MJ Cooper,24656,MP50,.,0,0,0,0.0,0,0,0,0
480,Ray Hill,25183,MP40,.,0,0,0,0.0,0,0,0,0
481,Gary Harris,2675,MP60,.,0,0,0,0.0,0,0,0,0
482,Martin Rendon,20181,MP50,.,0,0,0,0.0,0,0,0,0
483,Kevin Eldredge,32731,MP40,.,0,0,0,0.0,0,0,0,0
484,Austin McNabb,34356,MP40,.,0,0,0,0.0,0,0,0,0
485,Alex Aguilar,71782,MP40,.,0,0,0,0.0,0,0,0,0
486,David Payne,3234,MP60,.,0,0,0,0.0,0,0,0,0
487,John Cloutier,48143,MP50,.,0,0,0,0.0,0,0,0,0
488,Anthony Pugh,28058,MP50,.,0,0,0,0.0,0,0,0,0
489,Casey Pennington,74708,FPO,DGPT,0,0,0,34.755,1,3,0,0
490,Tony Inzana,15770,MP50,.,0,0,0,0.0,0,0,0,0
491,Don Smith,16831,MP40,.,0,0,0,0.0,0,0,0,0
492,Vanessa Van Dyken,62325,FPO,DGPT,0,0,1000,21.576,2,6,0,0
493,Mando Flores,44222,MP40,.,0,0,0,0.0,0,0,0,0
494,Ernest Motton Jr,45249,MP50,.,0,0,0,0.0,0,0,0,0
495,Brock Cummings,53805,MP40,.,0,0,0,0.0,0,0,0,0
496,Raul Albarez,44644,MP50,.,0,0,0,0.0,0,0,0,0
497,Judah Moser,5531,MP50,.,0,0,0,0.0,0,0,0,0
498,Justin McLuen,12468,MP40,.,0,0,0,0.0,0,0,0,0
499,Edward Palacios,14908,MP40,.,0,0,0,0.0,0,0,0,0
500,Collins Nance,38240,MP40,.,0,0,0,0.0,0,0,0,0
501,Reid Frescura,48338,MPO,DGPT,0,0,0,61.483,3,5,0,0
502,Stacie Rawnsley,122208,FPO,DGPT,0,0,1000,22.381,3,6,0,0
503,Leigh Mason,158123,MP50,.,0,0,0,0.0,0,0,0,0
504,Bradley Williams,31644,MPO,DGPT,0,6,923,27.981,1,7,0,0
505,Trevon Crowe,67172,MPO,DGPT,0,0,0,108.934,4,5,0,0
506,Keith Fath,154743,MP50,.,0,0,0,0.0,0,0,0,0
507,Richard Fason,34741,MP50,.,0,0,0,0.0,0,0,0,0
508,Decius W. Tasby,46936,MP40,.,0,0,0,0.0,0,0,0,0
509,Bobby Jones,3087,MP50,.,0,0,0,0.0,0,0,0,0
510,Jeff Gothard,48007,MP40,.,0,0,0,0.0,0,0,0,0
511,Christopher Gomez,56688,MP40,.,0,0,0,0.0,0,0,0,0
512,Hannah McBeth,66939,FPO,DGPT,0,0,0,54.297,1,2,0,0
513,Krissie Fountain,73693,FPO,DGPT,0,0,0,71.502,1,1,0,0
514,Megan Ramirez,95481,FPO,DGPT,0,0,0,130.0,1,0,0,0
515,Robert Tate,112257,MP40,.,0,0,0,0.0,0,0,0,0
516,Chandler Fry,25541,MPO,DGPT,0,74,1000,22.589,4,9,0,0
517,Landon Williams,26180,MP40,.,0,0,0,0.0,0,0,0,0
518,Julie Eagle,78135,FPO,DGPT,0,0,0,57.709,1,2,0,0
519,Chad Francis,30662,MP40,.,0,0,0,0.0,0,0,0,0
520,Zach Tate,12031,MP40,.,0,0,0,0.0,0,0,0,0
521,Jorge Garcia,24089,MP40,.,0,0,0,0.0,0,0,0,0
522,Shannon Prendergast,65961,FPO,DGPT,0,0,0,68.359,2,1,0,0
523,Sheila Kirkham,7646,FPO,DGPT,0,0,0,137.0,1,0,0,0
524,Chris Harris,37146,MPO,DGPT,0,0,0,149.62,1,1,0,0
525,Ezra Robinson,50671,MPO,DGPT,0,0,0,55.644,4,6,0,0
526,Demian Beyer,85752,MP40,.,0,0,0,0.0,0,0,0,0
527,Chris Zagone,32774,MP40,.,0,0,0,0.0,0,0,0,0
528,Joe Sexton,52380,MP40,.,0,0,0,0.0,0,0,0,0
529,Renae Farr,84208,FPO,DGPT,0,0,0,139.0,1,0,0,0
530,Erin Reynolds,88066,FPO,DGPT,0,0,0,75.65,2,1,0,0
531,George Avery,18179,MP40,.,0,0,0,0.0,0,0,0,0
532,David Funky Cold Medina,62184,MP40,.,0,0,0,0.0,0,0,0,0
533,JohnE McCray,9852,MPO,DGPT,0,0,0,71.563,1,2,0,0
534,Nikko Locastro,11534,MPO,DGPT,926,1000,1000,6.788,4,9,0,0
535,Salvador Robles,81962,MP40,.,0,0,0,0.0,0,0,0,0
536,Bryan Luoma,14025,MP40,.,0,0,0,0.0,0,0,0,0
537,Mikey Seibert,125079,MP40,.,0,0,0,0.0,0,0,0,0
538,Jonathan Nicholson,101390,MPO,DGPT,0,0,0,84.249,4,8,0,0
539,Daniel Willis,118788,MP40,.,0,0,0,0.0,0,0,0,0
540,Mark Chapalonis,70741,MPO,DGPT,0,0,0,182.156,1,1,0,0
541,Mike Laitala,43081,MPO,DGPT,0,0,0,212.044,1,0,0,0
542,Bonner Butler,61104,MPO,DGPT,0,0,0,206.991,1,1,0,0
543,Jacob Sanders,78848,MPO,DGPT,0,0,0,262.359,1,0,0,0
544,Justin Freeman,33878,MPO,DGPT,0,0,0,260.359,1,1,0,0
545,Kennan Johnson,77936,MPO,DGPT,0,0,0,122.346,2,7,0,0
546,Mason Marchbanks,79753,MPO,DGPT,0,0,0,205.991,1,2,0,0
547,Elijah Bickel,94844,MPO,DGPT,0,0,0,124.103,2,5,0,0
548,Patrick Blazek,25325,MPO,DGPT,0,0,0,270.439,1,1,0,0
549,G.T. Hancock,49885,MPO,DGPT,0,0,0,159.782,2,2,0,0
550,Marshall Blanks,56886,MPO,DGPT,0,0,0,206.991,2,2,0,0
551,Zane Letts,57544,MPO,DGPT,0,0,0,112.996,2,2,0,0
552,Darrin Wilder,95841,MPO,DGPT,0,0,0,550.0,1,0,0,0
553,Fredy Meza,100497,MPO,DGPT,0,0,0,550.0,1,0,0,0
554,Timothy Escobedo Jr,22698,MPO,DGPT,0,0,0,270.439,1,1,0,0
555,Michael Hoffman,46997,MPO,DGPT,0,0,0,185.529,2,3,0,0
556,Tanner Girouard,88077,MPO,DGPT,0,0,0,128.348,3,7,0,0
557,Chandler Kramer,139228,MPO,DGPT,0,0,0,550.0,1,0,0,0
558,Landon Knight,47662,MPO,DGPT,0,0,0,550.0,1,0,0,0
559,Dillon Dyer,52381,MPO,DGPT,0,0,0,550.0,1,0,0,0
560,Erik Olden,48828,MPO,DGPT,0,0,0,550.0,1,0,0,0
561,Loren Lewis,68695,MPO,DGPT,0,0,0,152.753,3,3,0,0
562,Michael Arauza,87267,MPO,DGPT,0,0,0,217.076,1,2,0,0
563,Jimmy Zamora,20375,MPO,DGPT,0,0,0,550.0,1,0,0,0
564,Isaac Marrs,65220,MPO,DGPT,0,0,0,550.0,1,0,0,0
565,Charles Moore,78268,MPO,DGPT,0,0,0,550.0,1,0,0,0
566,Randy Dueck,139619,MPO,DGPT,0,0,0,550.0,1,0,0,0
567,Matt Odenwelder,31710,MPO,DGPT,0,0,0,262.359,2,2,0,0
568,Garrett Tapken,48873,MPO,DGPT,0,0,0,126.449,2,4,0,0
569,Jared Stoll,68103,MPO,DGPT,0,0,0,137.781,2,5,0,0
570,Anthony AP Perkins,71308,MPO,DGPT,0,0,0,550.0,1,0,0,0
571,Jesse Ginthum,49975,MPO,DGPT,0,0,0,169.863,2,4,0,0
572,Jaden Rye,153363,MPO,DGPT,0,0,0,550.0,1,0,0,0
573,Quintin Becker,69961,MPO,DGPT,0,0,0,151.651,2,6,0,0
574,Daniel Ainsworth,101541,MPO,DGPT,0,0,0,262.359,2,1,0,0
575,Ulysses Muniz,68879,MPO,DGPT,0,0,0,270.439,1,1,0,0
576,David Stepp,82360,MPO,DGPT,0,0,0,550.0,1,0,0,0
577,George Castillo,45536,MPO,DGPT,0,0,0,550.0,1,0,0,0
578,Erik Knoll,113775,MPO,DGPT,0,0,0,550.0,1,0,0,0
579,David Willis,77608,MPO,DGPT,0,0,0,550.0,1,0,0,0
580,Jorge Angeles,103498,MPO,DGPT,0,0,0,550.0,1,0,0,0
581,Mark Reynolds,45891,MPO,DGPT,0,0,0,550.0,1,0,0,0
582,Joe Bishop,49211,MPO,DGPT,0,0,0,550.0,1,0,0,0
583,Tanner McCartney,97556,MPO,DGPT,0,0,0,550.0,1,0,0,0
584,Brett Seago,64667,MPO,DGPT,0,0,0,550.0,1,0,0,0
585,Neil Myers,69947,MPO,DGPT,0,0,0,550.0,1,0,0,0
586,Parker Standard,76188,MPO,DGPT,0,0,0,550.0,1,0,0,0
587,Matt Sellers,84738,MPO,DGPT,0,0,0,550.0,1,0,0,0
588,Ethan Pollack,111729,MPO,DGPT,0,0,0,550.0,1,0,0,0
589,Mark McAlister,16672,MPO,DGPT,0,0,0,262.359,2,1,0,0
590,Scott Turner,51987,MPO,DGPT,0,0,0,206.991,2,2,0,0
591,Caleb Wilkins,60469,MPO,DGPT,0,0,0,550.0,1,0,0,0
592,Zack Mullin,100986,MPO,DGPT,0,0,0,550.0,1,0,0,0
593,Kyle Glaeser,53900,MPO,DGPT,0,0,0,550.0,1,0,0,0
594,C.J. Hopper,34562,MPO,DGPT,0,0,0,550.0,1,0,0,0
595,Nicholas Maloukis,49584,MPO,DGPT,0,0,0,550.0,1,0,0,0
596,Anthony Angel,83681,MPO,DGPT,0,0,0,270.439,1,2,0,0
597,Anthony Garza,69344,MPO,DGPT,0,0,0,550.0,1,0,0,0
598,Andrew Letson,97468,MPO,DGPT,0,0,0,550.0,1,0,0,0
599,Joshua Brunsmann,88177,MPO,DGPT,0,0,0,550.0,1,0,0,0
600,Dylan Steele,105048,MPO,DGPT,0,0,0,550.0,1,0,0,0
601,Lennon Coley,136418,MPO,DGPT,0,0,0,550.0,1,0,0,0
602,Stephen Mattingly,55496,MPO,DGPT,0,0,0,536.0,2,0,0,0
603,Ellen Widboom,58276,FPO,DGPT,0,0,299,33.116,2,3,0,0
604,Daniel Brooks-Wells,79228,MPO,DGPT,0,0,0,89.893,4,7,0,0
605,Justin McLuen,12468,MPO,DGPT,0,0,0,180.289,1,2,0,0
606,Jonathan Propalis,55926,MPO,DGPT,0,0,0,166.812,3,4,0,0
607,Chase Van Burkleo,58680,MPO,DGPT,0,0,0,305.468,2,0,0,0
608,Zach Arlinghaus,65266,MPO,DGPT,0,0,0,165.083,1,4,0,0
609,Jeff Renner,67313,MPO,DGPT,0,0,0,261.359,2,1,0,0
610,Abrahan Bahena,53558,MPO,DGPT,0,0,0,550.0,1,0,0,0
611,Michael Mayo,76574,MPO,DGPT,0,0,0,270.439,1,1,0,0
612,Alexander Henry,121375,MPO,DGPT,0,0,0,550.0,1,0,0,0
613,Ian Hamilton,97422,MPO,DGPT,0,0,0,155.607,2,4,0,0
614,Joe Carey,73855,MPO,DGPT,0,0,0,550.0,1,0,0,0
615,John Sanders,113670,MPO,DGPT,0,0,0,550.0,1,0,0,0
616,Seth Talbott,114877,MPO,DGPT,0,0,0,55.313,1,9,0,0
617,Joseph Kulp,74759,MPO,DGPT,0,0,0,550.0,1,0,0,0
618,Zach Melton,38631,MPO,DGPT,0,0,0,75.027,2,6,0,0
619,Mike Carman,48559,MPO,DGPT,0,0,0,116.812,5,7,0,0
620,Noah Fiveash,99153,MPO,DGPT,0,0,0,81.475,1,3,0,0
621,Sam Lee,78519,MPO,DGPT,0,0,0,170.53,1,4,0,0
622,Christian Olsen,60666,MPO,DGPT,0,0,0,262.359,2,1,0,0
623,Derek Norris,51009,MPO,DGPT,0,0,0,550.0,1,0,0,0
624,Jeffrey Korns,69287,MPO,DGPT,0,0,0,550.0,1,0,0,0
625,Alex Leonard,102620,MPO,DGPT,0,0,0,550.0,1,0,0,0
626,Nate Turner,127187,MPO,DGPT,0,0,0,550.0,1,0,0,0
627,Mack Watson,125933,MPO,DGPT,0,0,0,550.0,1,0,0,0
628,Sheldon Shinn,54196,MPO,DGPT,0,0,0,550.0,1,0,0,0
629,Zack Dumond,107282,MPO,DGPT,0,0,0,270.439,1,1,0,0
630,Ethan Dorrough,111668,MPO,DGPT,0,0,0,550.0,1,0,0,0
631,Chris Zagone,32774,MPO,DGPT,0,0,0,270.439,1,1,0,0
632,Brandon Grice,107216,MPO,DGPT,0,0,0,550.0,1,0,0,0
633,Chad Francis,30662,MPO,DGPT,0,0,0,550.0,1,0,0,0
634,Blair Furstenberg,63936,MPO,DGPT,0,0,0,550.0,1,0,0,0
635,John Paul Finney,74345,MPO,DGPT,0,0,0,550.0,1,0,0,0
636,James Mueller,67144,MPO,DGPT,0,0,0,536.0,2,0,0,0
637,Michael Evert,123958,MPO,DGPT,0,0,0,550.0,1,0,0,0
638,Mackenzie Elsey,124691,MPO,DGPT,0,0,0,550.0,1,0,0,0
639,Rick Huber,100542,MPO,DGPT,0,0,0,203.94,3,2,0,0
640,Tom Coffin,27172,MPO,DGPT,0,0,0,550.0,1,0,0,0
641,Mason Buerer,133800,MPO,DGPT,0,0,0,550.0,1,0,0,0
642,Alanzo Conner,57397,MPO,DGPT,0,0,0,550.0,1,0,0,0
643,William Corporon II,62416,MPO,DGPT,0,0,0,550.0,1,0,0,0
644,Sarah Gilpin,87338,FPO,DGPT,0,0,0,36.032,2,2,0,0
645,Lindsay Fish,32925,FPO,DGPT,0,0,0,53.885,1,2,0,0
646,Jake Lauber,44782,MPO,DGPT,0,0,0,82.579,1,3,0,0
647,Megan Riccardi,96253,FPO,DGPT,0,0,0,116.0,1,0,0,0
648,Rebekah Kersey,47406,FPO,DGPT,0,0,0,56.7,2,1,0,0
649,Andrew Marwede,75590,MPO,DGPT,0,0,48,44.322,3,6,0,0
650,Fresa Jacobs,89589,FPO,DGPT,0,0,0,120.0,1,0,0,0
651,Alexis Kerman,142354,FPO,DGPT,0,0,0,122.0,1,0,0,0
652,D.W. Hass,94907,MPO,DGPT,0,0,0,132.469,3,3,0,0
653,Brock Rohler,131719,MPO,DGPT,0,0,0,148.515,1,1,0,0
654,Rich Klein III,40067,MPO,DGPT,0,0,0,160.911,2,1,0,0
655,John Jones,43834,MPO,DGPT,0,0,0,177.73,1,2,0,0
656,Kevin Free,99504,MPO,DGPT,0,0,0,212.044,1,0,0,0
657,Carter Smith,45145,MPO,DGPT,0,0,0,212.044,1,1,0,0
658,Casey Trudeau,55815,MPO,DGPT,0,0,0,306.468,2,0,0,0
659,Michael Johansen,20300,MPO,DGPT,0,0,0,143.893,1,3,0,0
660,Jeremiah Dwyer,58738,MPO,DGPT,0,0,0,536.0,1,0,0,0
661,Charles Behrhorst,42202,MPO,DGPT,0,0,0,165.776,1,4,0,0
662,George Smith,4034,MPO,DGPT,0,0,0,550.0,1,0,0,0
663,Neal Swanson,24965,MPO,DGPT,0,0,0,536.0,2,0,0,0
664,Derek DG Green,48445,MPO,DGPT,0,0,0,550.0,1,0,0,0
665,Luke Sabulsky,109175,MPO,DGPT,0,0,0,550.0,1,0,0,0
666,Jake Bowen,20629,MPO,DGPT,0,0,0,550.0,1,0,0,0
667,Michael Clark,109591,MPO,DGPT,0,0,0,550.0,1,0,0,0
668,Owen Hileman,32715,MPO,DGPT,0,0,0,270.439,1,1,0,0
669,Cory Folkins,104825,MPO,DGPT,0,0,0,550.0,1,0,0,0
670,Quentin Borengasser,113918,MPO,DGPT,0,0,0,550.0,1,0,0,0
671,Das Loomis,35956,MPO,DGPT,0,0,0,550.0,1,0,0,0
672,Dylan Brogren,128145,MPO,DGPT,0,0,0,270.439,1,1,0,0
673,James Loveall,64990,MPO,DGPT,0,0,0,550.0,1,0,0,0
674,Chris Sprague,16425,MPO,DGPT,0,0,0,550.0,1,0,0,0
675,Jose Ossa,28268,MPO,DGPT,0,0,0,550.0,1,0,0,0
676,Peter Bures,50464,MPO,DGPT,0,0,0,270.439,1,1,0,0
677,Robert Centala,77869,MPO,DGPT,0,0,0,153.755,2,2,0,0
678,Jake Spencer,76396,MPO,DGPT,0,0,0,149.62,2,5,0,0
679,Justin Farrell,112306,MPO,DGPT,0,0,0,550.0,1,0,0,0
680,Anthony Lamonica,114009,MPO,DGPT,0,0,0,550.0,1,0,0,0
681,Calon Houston-Patton,46797,MPO,DGPT,0,0,0,550.0,1,0,0,0
682,Lance Brown,58644,MPO,DGPT,0,0,0,68.831,3,8,0,0
683,Michael Natera,126029,MPO,DGPT,0,0,0,550.0,1,0,0,0
684,Adam Morrison,36514,MPO,DGPT,0,0,0,270.439,1,1,0,0
685,Ty Evanson,59143,MPO,DGPT,0,0,0,536.0,2,0,0,0
686,Cory Simonich,90497,MPO,DGPT,0,0,0,270.439,1,1,0,0
687,James Fleege,15789,MPO,DGPT,0,0,0,550.0,1,0,0,0
688,Jacob Wollberg,86098,MPO,DGPT,0,0,0,550.0,1,0,0,0
689,Joseph Hesting,24884,MPO,DGPT,0,0,0,550.0,1,0,0,0
690,Al Kennon,80549,MPO,DGPT,0,0,0,550.0,1,0,0,0
691,Roy Zumwalt,26412,MPO,DGPT,0,0,0,550.0,1,0,0,0
692,Dick Terry,112817,MPO,DGPT,0,0,0,550.0,1,0,0,0
693,Pat Ellison,105778,MPO,DGPT,0,0,0,550.0,1,0,0,0
694,Jake Shoemaker,102036,MPO,DGPT,0,0,0,550.0,1,0,0,0
695,Mark Anderson,69045,MPO,DGPT,0,0,0,270.439,1,1,0,0
696,Juliana Korver,7438,FPO,DGPT,17,1000,1000,9.837,2,7,0,0
697,Simon Lizotte,8332,MPO,DGPT,0,0,0,37.361,0,4,0,0
698,James Proctor,34250,MPO,DGPT,0,0,202,38.921,1,5,0,0
699,Camille Skweir,57791,FPO,DGPT,0,0,0,69.417,0,1,0,0
700,Jenn Diggs,132627,FPO,DGPT,0,0,0,78.916,0,1,0,0
701,Jenny Umstead,42066,FPO,DGPT,0,0,0,51.83,0,3,0,0
702,Kristine King,27725,FPO,DGPT,0,0,0,58.754,0,2,0,0
703,Danielle Keen,102024,FPO,DGPT,0,0,0,59.912,1,2,0,0
704,Bayli Miller,79014,FPO,DGPT,0,0,0,86.503,0,1,0,0
705,Ruby Reyes,113579,FPO,DGPT,0,0,0,88.608,0,1,0,0
706,Amanda Zaccone,59547,FPO,DGPT,0,0,0,95.85,0,1,0,0
707,Laura Parker,98520,FPO,DGPT,0,0,0,100.025,0,1,0,0
708,Jenna Weiner,126470,FPO,DGPT,0,0,0,102.166,0,1,0,0
709,Jacob Courtis,56511,MPO,DGPT,0,0,0,110.039,1,1,0,0
710,Brady Och,89514,MPO,DGPT,0,0,0,111.754,0,2,0,0
711,Cody Kirkland,28198,MPO,DGPT,0,0,0,90.699,2,2,0,0
712,Mike Sale,46910,MPO,DGPT,0,0,0,86.607,1,4,0,0
713,Thomas Tomaselli,80904,MPO,DGPT,0,0,0,100.79,1,2,0,0
714,Patrick Brown,25713,MPO,DGPT,0,0,0,153.227,0,3,0,0
715,Dustin Keegan,35187,MPO,DGPT,0,0,0,102.006,1,3,0,0
716,Kenny Clark,39829,MPO,DGPT,0,0,0,136.773,1,2,0,0
717,Christopher Keseloff,91498,MPO,DGPT,0,0,0,256.325,1,1,0,0
718,Leif Swenson,32388,MPO,DGPT,0,0,0,307.468,0,1,0,0
719,Phill Diloné,70955,MPO,DGPT,0,0,0,119.794,2,5,0,0
720,David Madruga,32315,MPO,DGPT,0,0,0,307.468,0,1,0,0
721,Matt Polson,87738,MPO,DGPT,0,0,0,117.114,0,5,0,0
722,Jeff Faes,33661,MPO,DGPT,0,0,0,307.468,0,1,0,0
723,Tim Lesuer,108888,MPO,DGPT,0,0,0,189.34,1,1,0,0
724,Willem Downing,143289,MPO,DGPT,0,0,0,270.439,1,1,0,0
725,Christopher Barber,51409,MPO,DGPT,0,0,0,307.468,0,1,0,0
726,Jeffrey McCormick,116860,MPO,DGPT,0,0,0,307.468,0,1,0,0
727,Maxwell Cazanov,125114,MPO,DGPT,0,0,0,307.468,0,1,0,0
728,Cedar Morgan,75469,MPO,DGPT,0,0,0,188.331,1,2,0,0
729,Matt Neiman,42934,MPO,DGPT,0,0,0,307.468,0,1,0,0
730,Ethan Enos,81285,MPO,DGPT,0,0,0,270.439,1,1,0,0
731,Myles Harding,10466,MPO,DGPT,0,0,0,307.468,0,1,0,0
732,Chris Basuino,43371,MPO,DGPT,0,0,0,307.468,0,1,0,0
733,Chris B. Graham,68031,MPO,DGPT,0,0,0,221.098,0,2,0,0
734,Josh Sparlin,78583,MPO,DGPT,0,0,0,307.468,0,1,0,0
735,Dustin Evanger,116073,MPO,DGPT,0,0,0,307.468,0,1,0,0
736,Kyle Normand,46836,MPO,DGPT,0,0,0,307.468,0,1,0,0
737,Andrew Filimoehala,104985,MPO,DGPT,0,0,0,270.439,1,1,0,0
738,Kevin Couch,7714,MPO,DGPT,0,0,0,307.468,0,1,0,0
739,Ezra Hapner,25000,MPO,DGPT,0,0,0,307.468,0,1,0,0
740,Brian Smith,29750,MPO,DGPT,0,0,0,307.468,0,1,0,0
741,J Jones,71577,MPO,DGPT,0,0,0,307.468,0,1,0,0
742,Markham Shofner,130756,MPO,DGPT,0,0,0,307.468,0,1,0,0
743,Robert R. Bainbridge,22110,MPO,DGPT,0,0,0,307.468,0,1,0,0
744,Andrew Argandar-Valdez,82373,MPO,DGPT,0,0,0,307.468,0,1,0,0
745,Jim Oates,3351,MPO,DGPT,0,0,0,307.468,0,1,0,0
746,Jason Coultrap,23236,MPO,DGPT,0,0,0,307.468,0,1,0,0
747,Matt Shustack,37791,MPO,DGPT,0,0,0,307.468,0,1,0,0
748,Jordan Brooker,63113,MPO,DGPT,0,0,0,307.468,0,1,0,0
749,Nathan Vincent,130170,MPO,DGPT,0,0,0,270.439,1,1,0,0
750,Ryland Plummer,79253,MPO,DGPT,0,0,0,307.468,0,1,0,0
751,Jerry Goff,2431,MPO,DGPT,0,0,0,307.468,0,1,0,0
752,Ryland Sullivan,112066,MPO,DGPT,0,0,0,307.468,0,1,0,0
753,Mike Westlund,28962,MPO,DGPT,0,0,0,307.468,0,1,0,0
754,Paul Kinney,48790,MPO,DGPT,0,0,0,307.468,0,1,0,0
755,Ryan LaRue,112853,MPO,DGPT,0,0,0,307.468,0,1,0,0
756,Patrick Humphreys,89940,MPO,DGPT,0,0,0,307.468,0,1,0,0
757,Beau Cleveland,31775,MPO,DGPT,0,0,0,307.468,0,1,0,0
758,John O'Bryan,60579,MPO,DGPT,0,0,0,307.468,0,1,0,0
759,Toby Parks,25508,MPO,DGPT,0,0,0,307.468,0,1,0,0
760,Evan Boucher,142721,MPO,DGPT,0,0,0,307.468,0,1,0,0
761,Kay Powell,113322,FPO,DGPT,0,0,0,122.0,1,0,0,0
762,Brandie Myers,47798,FPO,DGPT,0,0,0,125.0,1,0,0,0
763,Ashley Shelley,112569,FPO,DGPT,0,0,0,125.0,1,0,0,0
764,Hannah Stefanovich,79777,FPO,DGPT,0,0,0,130.0,1,0,0,0
765,Jenna Johnson,96967,FPO,DGPT,0,0,0,130.0,1,0,0,0
766,Charlotte Towle,75929,FPO,DGPT,0,0,0,134.0,1,0,0,0
767,Nick Newton,47689,MPO,DGPT,0,0,0,156.777,1,0,0,0
768,Nathan Cordova,99266,MPO,DGPT,0,0,0,156.777,1,0,0,0
769,Jennifer Janssen,88658,FPO,DGPT,0,0,0,135.0,1,0,0,0
770,Cyndi Hurzeler,93859,FPO,DGPT,0,0,0,135.0,1,0,0,0
771,Lavell Payne,173859,FPO,DGPT,0,0,0,137.0,1,0,0,0
772,Vanessa Armstrong,76180,FPO,DGPT,0,0,0,139.0,1,0,0,0
773,Bobby Musick,15911,MPO,DGPT,0,0,0,206.991,1,0,0,0
774,Joshua Hatcher,115038,MPO,DGPT,0,0,0,189.34,1,1,0,0
775,Frank Martinez,56725,MPO,DGPT,0,0,0,258.35,1,0,0,0
776,Zachary Gilliam,116217,MPO,DGPT,0,0,0,258.35,1,0,0,0
777,Robert McIntee,28234,MPO,DGPT,0,0,0,534.0,1,0,0,0
778,Mike Hover,47799,MPO,DGPT,0,0,0,534.0,1,0,0,0
779,Jacob Blair,52785,MPO,DGPT,0,0,0,268.403,1,1,0,0
780,Drew Sodergren,71186,MPO,DGPT,0,0,0,545.0,1,0,0,0
781,Thomas Grigg,148486,MPO,DGPT,0,0,0,545.0,1,0,0,0
782,Anthony Pereyra,89638,MPO,DGPT,0,0,0,550.0,1,0,0,0
783,Kris Leasau,87783,MPO,DGPT,0,0,0,550.0,1,0,0,0
784,Daniel Rubalcaba,93600,MPO,DGPT,0,0,0,550.0,1,0,0,0
785,Tyler Reeves,102484,MPO,DGPT,0,0,0,550.0,1,0,0,0
786,Sergio Celis,89499,MPO,DGPT,0,0,0,550.0,1,0,0,0
787,Kyle Schaar,92047,MPO,DGPT,0,0,0,550.0,1,0,0,0
788,Dave Vincent,24099,MPO,DGPT,0,0,0,270.439,1,1,0,0
789,Dale Dennett,74959,MPO,DGPT,0,0,0,550.0,1,0,0,0
790,Eli Grijalva,89539,MPO,DGPT,0,0,0,550.0,1,0,0,0
791,Jake Brown,140954,MPO,DGPT,0,0,0,550.0,1,0,0,0
792,Spencer Ling,59438,MPO,DGPT,0,0,0,550.0,1,0,0,0
793,Chris Lindgren,19951,MPO,DGPT,0,0,0,550.0,1,0,0,0
794,Quinn Berkovatz,78621,MPO,DGPT,0,0,0,550.0,1,0,0,0
795,Julian Celis,103122,MPO,DGPT,0,0,0,550.0,1,0,0,0
796,Joseph Bruno,55052,MPO,DGPT,0,0,0,550.0,1,0,0,0
797,Willie Grenis,74735,MPO,DGPT,0,0,0,550.0,1,0,0,0
798,Trevor Smith,112536,MPO,DGPT,0,0,0,550.0,1,0,0,0
799,Brian Elliott,32234,MPO,DGPT,0,0,0,550.0,1,0,0,0
800,Tateki Noma,33099,MPO,DGPT,0,0,0,550.0,1,0,0,0
801,Gabriel Neustadt,44876,MPO,DGPT,0,0,0,550.0,1,0,0,0
802,Drake Avila,86878,MPO,DGPT,0,0,0,550.0,1,0,0,0
803,William Marion,79672,MPO,DGPT,0,0,0,550.0,1,0,0,0
804,Anthony King,105736,MPO,DGPT,0,0,0,550.0,1,0,0,0
805,Braeden Moore,108289,MPO,DGPT,0,0,0,550.0,1,0,0,0
806,J.T. Smith,62638,MPO,DGPT,0,0,0,550.0,1,0,0,0
807,D.J. Cookson,89816,MPO,DGPT,0,0,0,550.0,1,0,0,0
808,Michael Lust,27228,MPO,DGPT,0,0,0,550.0,1,0,0,0
809,Chase Chambo Chamberlain,102633,MPO,DGPT,0,0,0,550.0,1,0,0,0
810,Andrew Sharp,115869,MPO,DGPT,0,0,0,550.0,1,0,0,0
811,Jimmy Towey,77432,MPO,DGPT,0,0,0,550.0,1,0,0,0
812,Dustin Johnson,101534,MPO,DGPT,0,0,0,550.0,1,0,0,0
813,Vince Rizzo,61989,MPO,DGPT,0,0,0,550.0,1,0,0,0
814,Alex Gerlock,114367,MPO,DGPT,0,0,0,550.0,1,0,0,0
815,Jonathan Bo-O,104828,MPO,DGPT,0,0,0,550.0,1,0,0,0
816,Chris Mazur,126424,MPO,DGPT,0,0,0,550.0,1,0,0,0
817,John Siglock,102027,MPO,DGPT,0,0,0,550.0,1,0,0,0
818,Delaney Cole,62986,MPO,DGPT,0,0,0,550.0,1,0,0,0
819,Josh Kirkendall,68085,MPO,DGPT,0,0,0,550.0,1,0,0,0
820,Mario Figueroa,68597,MPO,DGPT,0,0,0,550.0,1,0,0,0
821,Michael Lopez,170879,MPO,DGPT,0,0,0,550.0,1,0,0,0
822,Matt Jankowski,36888,MPO,DGPT,0,0,0,550.0,1,0,0,0
823,Armando Villanueva,95295,MPO,DGPT,0,0,0,550.0,1,0,0,0
824,Max Nichols,21870,MPO,DGPT,0,0,0,270.439,1,1,0,0
825,Macie Walker,104187,FPO,DGPT,0,0,930,29.342,0,3,0,0
826,Miles Seaborn,29264,MPO,DGPT,0,0,0,72.82,0,2,0,0
827,Christina Linthicum,50045,FPO,DGPT,0,0,0,45.189,0,2,0,0
828,Christine Jennings,88568,FPO,DGPT,0,0,811,31.063,1,4,0,0
829,Emily Beach,61144,FPO,DGPT,0,0,0,76.894,0,1,0,0
830,Nova Six Four Politte,74995,FPO,DGPT,0,0,0,53.249,0,2,0,0
831,Lori Merriman,35616,FPO,DGPT,0,0,0,66.796,0,2,0,0
832,Sara Sinclair,41012,FPO,DGPT,0,0,0,64.559,0,2,0,0
833,Garry Patton,49643,MPO,DGPT,0,0,0,104.288,1,3,0,0
834,Gannon Buhr,75412,MPO,DGPT,0,163,1000,20.376,1,7,0,0
835,Cortney Cooper,107392,FPO,DGPT,0,0,0,92.745,0,1,0,0
836,Esther Schultz,79049,FPO,DGPT,0,0,0,45.189,0,3,0,0
837,Jacob Cutshall,58026,MPO,DGPT,0,0,0,106.627,0,2,0,0
838,David Feldberg,12626,MPO,DGPT,0,0,0,140.854,0,3,0,0
839,Brandon Brown,87673,MPO,DGPT,0,0,0,191.326,0,2,0,0
840,Bartosz Kowalewski,68737,MPO,DGPT,0,0,0,134.222,1,4,0,0
841,Blake Waldron,100981,MPO,DGPT,0,0,0,307.468,0,1,0,0
842,Josh Coghill,63364,MPO,DGPT,0,0,0,221.098,0,2,0,0
843,E. Lucas Pierce,123319,MPO,DGPT,0,0,0,307.468,0,1,0,0
844,Adam Stanton,90872,MPO,DGPT,0,0,0,307.468,0,1,0,0
845,Nathanael Cole,86361,MPO,DGPT,0,0,0,307.468,0,1,0,0
846,Kevin McGregor,88843,MPO,DGPT,0,0,0,307.468,0,1,0,0
847,Jeremiah Van Til,52376,MPO,DGPT,0,0,0,307.468,0,1,0,0
848,Micah Funderburgh,65144,MPO,DGPT,0,0,0,307.468,0,1,0,0
849,Blake Thomas,68979,MPO,DGPT,0,0,0,221.098,0,2,0,0
850,James Kulinski,79476,MPO,DGPT,0,0,0,307.468,0,1,0,0
851,Jordan Davidson,44454,MPO,DGPT,0,0,0,307.468,0,1,0,0
852,Carter Mayo,81449,MPO,DGPT,0,0,0,307.468,0,1,0,0
853,Matt Vassil,112603,MPO,DGPT,0,0,0,307.468,0,1,0,0
854,Tracy Colburn,102450,MPO,DGPT,0,0,0,307.468,0,1,0,0
855,Stephanie Vincent,29947,FPO,DGPT,0,0,0,40.943,0,2,0,0
856,Matthew Orum,18330,MPO,DGPT,0,0,489,33.684,0,4,0,0
857,Lydia Lyons,58968,FPO,DGPT,0,0,1000,26.05,1,5,0,0
858,Chelsea Harden,63377,FPO,DGPT,0,0,0,82.158,0,1,0,0
859,Cameron Colglazier,47407,MPO,DGPT,0,0,0,128.487,0,2,0,0
860,Gavin Ossenkop,60331,MPO,DGPT,0,0,0,134.611,0,1,0,0
861,Jamie Kiep,68815,MPO,DGPT,0,0,0,255.325,0,1,0,0
862,DeVan Owens,25168,MPO,DGPT,0,0,0,307.468,0,1,0,0
863,Travis Powell,14055,MPO,DGPT,0,0,0,307.468,0,1,0,0
864,Isaac Heinen,44919,MPO,DGPT,0,0,0,307.468,0,1,0,0
865,Brandon Cawthorne,60069,MPO,DGPT,0,0,0,221.098,0,2,0,0
866,Kevin Kiefer III,97115,MPO,DGPT,0,0,0,307.468,0,1,0,0
867,Paul Oman,34344,MPO,DGPT,0,0,0,67.765,0,5,0,0
868,Jay Yeti Reading,15864,MPO,DGPT,0,0,0,307.468,0,1,0,0
869,J.D. Ramirez,19857,MPO,DGPT,0,0,0,307.468,0,1,0,0
870,Shasta Criss,28597,MPO,DGPT,0,0,0,190.938,0,3,0,0
871,Joshua Patin,56037,MPO,DGPT,0,0,0,307.468,0,1,0,0
872,Ryan Davie,54687,MPO,DGPT,0,0,0,221.098,0,2,0,0
873,Trent Hadaway,58058,MPO,DGPT,0,0,0,307.468,0,1,0,0
874,Addison Collins,54624,MPO,DGPT,0,0,0,307.468,0,1,0,0
875,Robert McCall,42261,MPO,DGPT,0,0,0,307.468,0,1,0,0
876,Joshua Winn,79641,MPO,DGPT,0,0,0,307.468,0,1,0,0
877,Mike Conlee,41267,MPO,DGPT,0,0,0,138.887,1,2,0,0
878,Seppo Kuikka,28837,MP60,PDPT,1000,1000,1000,1.0,0,0,1,0
879,Patrik Ekström,36612,MP50,PDPT,1000,1000,1000,1.0,0,0,1,0
880,Tapani Aulu,44389,MP40,PDPT,1000,1000,1000,1.0,0,0,1,0
881,Väinö Mäkelä,59635,MPO,PDPT,1000,1000,1000,1.0,0,0,1,0
882,Eveliina Salonen,64927,FPO,PDPT,1000,1000,1000,1.0,0,0,1,0
883,Nina Rajala,103017,FP40,PDPT,1000,1000,1000,1.0,0,0,1,0
884,Jari Väyrynen,8954,MP60,PDPT,1000,1000,1000,2.0,0,0,1,0
885,Ville Piippo,27555,MP40,PDPT,1000,1000,1000,2.0,0,0,1,0
886,Susanna Virtanen,43805,FP40,PDPT,1000,1000,1000,2.0,0,0,1,0
887,Henna Blomroos,59227,FPO,PDPT,1000,1000,1000,2.0,0,0,1,0
888,Juha Pohjalainen,64036,MP50,PDPT,1000,1000,1000,2.0,0,0,1,0
889,Mikke Haaranen,65555,MP50,PDPT,1000,1000,1000,2.0,0,0,1,0
890,Lauri Lehtinen,82297,MPO,PDPT,1000,1000,1000,2.0,0,0,1,0
891,Heidi Laine,66599,FPO,PDPT,1000,1000,1000,3.0,0,0,1,0
892,Joonas Aalto,71551,MPO,PDPT,1000,1000,1000,3.0,0,0,1,0
893,Annemari Lumppio,73818,FP40,PDPT,1000,1000,1000,3.0,0,0,1,0
894,Pasi Vuoristo,80771,MP40,PDPT,1000,1000,1000,3.0,0,0,1,0
895,Justine Bitka,95988,FPO,PDPT,1000,1000,1000,3.0,0,0,1,0
896,Jouni Leskinen,8790,MP50,PDPT,1000,1000,1000,4.0,0,0,1,0
897,Juhani Vainio,30752,MP40,PDPT,1000,1000,1000,4.0,0,0,1,0
898,Anna-Riitta Savolainen,55162,FP40,PDPT,1000,1000,1000,4.0,0,0,1,0
899,Timo Katajanheimo,61132,MP40,PDPT,1000,1000,1000,4.0,0,0,1,0
900,Kristian Kuoksa,107078,MPO,PDPT,1000,1000,1000,4.0,0,0,1,0
901,Ville Ahokas,53538,MPO,PDPT,1000,1000,1000,5.0,0,0,1,0
902,Marko Rauha,58384,MP50,PDPT,1000,1000,1000,5.0,0,0,1,0
903,Jenna Hirsimäki,70558,FPO,PDPT,1000,1000,1000,5.0,0,0,1,0
904,Kristiina Sylman,73830,FP40,PDPT,1000,1000,1000,5.0,0,0,1,0
905,Ari Penttala,8366,MP40,PDPT,1000,1000,1000,6.0,0,0,1,0
906,Jani Winterhalter,47791,MP40,PDPT,1000,1000,1000,6.0,0,0,1,0
907,Heikki Savolainen,52978,MP50,PDPT,1000,1000,1000,6.0,0,0,1,0
908,Jenni Eskelinen,57526,FPO,PDPT,1000,1000,1000,6.0,0,0,1,0
909,Joonatan Häme,64890,MPO,PDPT,1000,1000,1000,6.0,0,0,1,0
910,Peter Seeck,81830,MP50,PDPT,1000,1000,1000,6.0,0,0,1,0
911,Maija Laitinen,84600,FPO,PDPT,1000,1000,1000,6.0,0,0,1,0
912,Riikka Salmen,85244,FP40,PDPT,1000,1000,1000,6.0,0,0,1,0
913,Niklas Anttila,91249,MPO,PDPT,1000,1000,1000,6.0,0,0,1,0
914,Erkka Leivo,55187,MP40,PDPT,1000,1000,1000,8.0,0,0,1,0
915,Tuomas Autio,71845,MPO,PDPT,1000,1000,1000,8.0,0,0,1,0
916,Harri Lähdesmäki,94983,MP40,PDPT,1000,1000,1000,8.0,0,0,1,0
917,Simo Rantala,110461,MP50,PDPT,1000,1000,1000,8.0,0,0,1,0
918,Olivia Kindstedt,115503,FPO,PDPT,1000,1000,1000,8.0,0,0,1,0
919,Kari Vesala,28830,MP50,PDPT,0,1000,1000,9.0,0,0,1,0
920,Joonas Kuitunen,30941,MPO,PDPT,0,1000,1000,9.0,0,0,1,0
921,Tinja Väisänen,70172,FPO,PDPT,0,1000,1000,9.0,0,0,1,0
922,Tuomas Kaukomaa,58190,MP40,PDPT,0,1000,1000,10.0,0,0,1,0
923,Jesse Nieminen,58923,MPO,PDPT,0,1000,1000,10.0,0,0,1,0
924,Joona Heinänen,58926,MPO,PDPT,0,1000,1000,10.0,0,0,1,0
925,Anni Mäkelä,83540,FPO,PDPT,0,1000,1000,10.0,0,0,1,0
926,Kalle Ojala,91946,MPO,PDPT,0,1000,1000,10.0,0,0,1,0
927,Jani Korsoff,97560,MP50,PDPT,0,1000,1000,10.0,0,0,1,0
928,Kalle Kärki,29780,MP50,PDPT,0,1000,1000,11.0,0,0,1,0
929,Marko Hämäläinen,52899,MP40,PDPT,0,1000,1000,11.0,0,0,1,0
930,Anna-Sofia Haipus,84782,FPO,PDPT,0,1000,1000,11.0,0,0,1,0
931,Teemu Malmelin,39681,MP40,PDPT,0,1000,1000,12.0,0,0,1,0
932,Jori Löytynoja,52136,MP50,PDPT,0,1000,1000,12.0,0,0,1,0
933,Jari Madekivi,52482,MP40,PDPT,0,1000,1000,12.0,0,0,1,0
934,Janne Louhi,106124,MP50,PDPT,0,1000,1000,12.0,0,0,1,0
935,Kia Snellman,124037,FPO,PDPT,0,1000,1000,12.0,0,0,1,0
936,Seppo Paju,36744,MPO,PDPT,0,1000,1000,13.0,0,0,1,0
937,Mirabella Meltaus,114795,FPO,PDPT,0,1000,1000,13.0,0,0,1,0
938,Kimmo Lehtonen,59241,MP40,PDPT,0,1000,1000,14.0,0,0,1,0
939,Tomi Oravainen,77795,MP50,PDPT,0,1000,1000,14.0,0,0,1,0
940,Samuel Hänninen,87964,MPO,PDPT,0,1000,1000,14.0,0,0,1,0
941,Sonja Laine,96090,FPO,PDPT,0,1000,1000,14.0,0,0,1,0
942,Sauli Kuortti,18100,MP50,PDPT,0,1000,1000,15.0,0,0,1,0
943,Kalle Lehto,52035,MP40,PDPT,0,1000,1000,15.0,0,0,1,0
944,Mikael Häme,64889,MPO,PDPT,0,1000,1000,15.0,0,0,1,0
945,Niko Kempas,65571,MP40,PDPT,0,1000,1000,15.0,0,0,1,0
946,Markku Autio,71846,MP50,PDPT,0,1000,1000,15.0,0,0,1,0
947,Jasper Heino,57280,MPO,PDPT,0,1000,1000,16.0,0,0,1,0
948,Samuel Stenman,74978,MPO,PDPT,0,1000,1000,16.0,0,0,1,0
949,Antti Mertanen,80860,MPO,PDPT,0,1000,1000,16.0,0,0,1,0
950,Pasi Pyykönen,65559,MP50,PDPT,0,0,1000,17.0,0,0,1,0
951,Ville Viitanen,65564,MP40,PDPT,0,0,1000,17.0,0,0,1,0
952,Tommi Nyberg,70544,MP40,PDPT,0,0,1000,17.0,0,0,1,0
953,Tero ketonen,93300,MP40,PDPT,0,0,1000,17.0,0,0,1,0
954,Rami Silainen,97090,MP40,PDPT,0,0,1000,17.0,0,0,1,0
955,Petri Kotilainen,65710,MP50,PDPT,0,0,1000,18.0,0,0,1,0
956,Janne Sandholm,76798,MP50,PDPT,0,0,1000,18.0,0,0,1,0
957,Janne Hirsimäki,47516,MPO,PDPT,0,0,1000,19.0,0,0,1,0
958,Severi Saviniemi,80974,MPO,PDPT,0,0,1000,19.0,0,0,1,0
959,Mikko Putaja,55284,MP50,PDPT,0,0,1000,20.0,0,0,1,0
960,Markus Lindewald,17315,MP40,PDPT,0,0,1000,21.0,0,0,1,0
961,Luukas Rokkanen,64917,MPO,PDPT,0,0,1000,21.0,0,0,1,0
962,Jukka Jokela,85327,MP50,PDPT,0,0,1000,21.0,0,0,1,0
963,Teemu Kaarela,86018,MPO,PDPT,0,0,1000,21.0,0,0,1,0
964,Teemu Lampainen,107567,MPO,PDPT,0,0,1000,21.0,0,0,1,0
965,Mikko Kaakinen,28826,MP40,PDPT,0,0,1000,22.0,0,0,1,0
966,Jani Lindström,70712,MP40,PDPT,0,0,1000,22.0,0,0,1,0
967,Ilmari Tapio,88396,MP50,PDPT,0,0,1000,22.0,0,0,1,0
968,Jyrki Riihinen,103485,MP40,PDPT,0,0,1000,24.0,0,0,1,0
969,Elias Luukkonen,106059,MPO,PDPT,0,0,1000,24.0,0,0,1,0
970,Kalle Savonen,8369,MP40,PDPT,0,0,1000,25.0,0,0,1,0
971,Niko Rättyä,52488,MPO,PDPT,0,0,1000,25.0,0,0,1,0
972,Niko Leskinen,67535,MPO,PDPT,0,0,1000,26.0,0,0,1,0
973,Mika Koljonen,72975,MP40,PDPT,0,0,1000,26.0,0,0,1,0
974,Leo Piironen,36099,MPO,PDPT,0,0,1000,27.0,0,0,1,0
975,Mikko Ahjoniemi,63302,MPO,PDPT,0,0,1000,27.0,0,0,1,0
976,Mikael Räsänen,73312,MPO,PDPT,0,0,1000,27.0,0,0,1,0
977,Mikko Kivioja,74122,MP40,PDPT,0,0,1000,27.0,0,0,1,0
978,Leevi Isotalo,116000,MPO,PDPT,0,0,1000,27.0,0,0,1,0
979,Ville-Pekka Salminen,83625,MP40,PDPT,0,0,1000,28.0,0,0,1,0
980,Janne Lindberg,26422,MP40,PDPT,0,0,1000,29.0,0,0,1,0
981,Tuomo Tanskanen,44707,MP40,PDPT,0,0,1000,30.0,0,0,1,0
982,Riku Vink,64853,MPO,PDPT,0,0,1000,31.0,0,0,1,0
983,Tuomas Hyytiäinen,65715,MPO,PDPT,0,0,1000,31.0,0,0,1,0
984,Oskari Vikström,74130,MPO,PDPT,0,0,1000,31.0,0,0,1,0
985,Saku Poikonen,75759,MPO,PDPT,0,0,1000,31.0,0,0,1,0
986,Daniel Davidsson,76456,MPO,PDPT,0,0,1000,31.0,0,0,1,0
987,Juho Parviainen,30858,MPO,PDPT,0,0,1000,31.0,0,0,1,0
988,Jani Kleemola,55164,MPO,PDPT,0,0,1000,31.0,0,0,1,0
989,Topias Jokinen,81340,MPO,PDPT,0,0,1000,31.0,0,0,1,0
990,Lenni Kemppainen,96736,MPO,PDPT,0,0,1000,31.0,0,0,1,0
991,Niko Puumalainen,109440,MPO,PDPT,0,0,1000,31.0,0,0,1,0
992,Otto Karpio,72898,MPO,PDPT,0,0,1000,31.0,0,0,1,0
993,Jere Kukkurainen,80454,MPO,PDPT,0,0,1000,31.0,0,0,1,0
994,Jaakko Ikonen,82030,MPO,PDPT,0,0,1000,31.0,0,0,1,0
995,Kasper Kivi,129439,MPO,PDPT,0,0,1000,31.0,0,0,1,0
996,Tomi Kleemola,52487,MPO,PDPT,0,0,1000,31.0,0,0,1,0
997,Otto Lehtonen,77462,MPO,PDPT,0,0,1000,31.0,0,0,1,0
998,Otto Mäkinen,159317,MPO,PDPT,0,0,1000,31.0,0,0,1,0
999,Johannes Uotila,81533,MPO,PDPT,0,0,1000,31.0,0,0,1,0
1000,Raimo Sokka,63343,MPO,PDPT,0,0,1000,31.0,0,0,1,0
1001,Jooa Saari,79887,MPO,PDPT,0,0,1000,31.0,0,0,1,0
1002,Jaakko Kankare,137362,MPO,PDPT,0,0,1000,31.0,0,0,1,0
1003,Veeti Väätänen,95319,MPO,PDPT,0,0,1000,31.0,0,0,1,0
1004,Ismo Sutela,78711,MPO,PDPT,0,0,1000,31.0,0,0,1,0
1005,Erno Lampinen,48903,MPO,PDPT,0,0,1000,31.0,0,0,1,0
1006,Aleksi Lohtander,65340,MPO,PDPT,0,0,1000,31.0,0,0,1,0
1007,Toni-Mikael Syrjänen,52973,MPO,PDPT,0,0,1000,31.0,0,0,1,0
1008,Viljami Männikkö,52974,MPO,PDPT,0,0,1000,31.0,0,0,1,0
1009,Ville Koutonen,61137,MPO,PDPT,0,0,1000,31.0,0,0,1,0
1010,Kasperi Peräkylä,74323,MPO,PDPT,0,0,1000,31.0,0,0,1,0
1011,Mikko Raitio,87975,MPO,PDPT,0,0,1000,31.0,0,0,1,0
1012,Hermanni Heikkurinen,71232,MPO,PDPT,0,0,1000,31.0,0,0,1,0
1013,Lauri Tyllinen,93961,MPO,PDPT,0,0,1000,31.0,0,0,1,0
1014,Aapo Karhi,82562,MPO,PDPT,0,0,1000,31.0,0,0,1,0
1015,Raul Mononen,84788,MPO,PDPT,0,0,1000,31.0,0,0,1,0
1016,Jaani Länsiö,28833,MPO,PDPT,0,0,1000,31.0,0,0,1,0
1017,Pekka Hyvönen,107079,MPO,PDPT,0,0,1000,31.0,0,0,1,0
1018,Roni Patterson,173738,MPO,PDPT,0,0,1000,31.0,0,0,1,0
1019,Riku Johansson,71226,MPO,PDPT,0,0,1000,31.0,0,0,1,0
1020,Antti Kotilainen,64033,MPO,PDPT,0,0,1000,31.0,0,0,1,0
1021,Juliana Korver,7438,FPO,NT,0,0,998,30.344,0,0,0,1
1022,Kristine King,27725,FPO,NT,0,0,0,36.976,0,0,0,1
1023,Lindsay Fish,32925,FPO,NT,0,0,0,61.728,0,0,0,1
1024,Zoe AnDyke,39504,FPO,NT,0,0,0,57.651,0,0,0,1
1025,Nicole Bradley,51229,FPO,NT,0,0,0,55.561,0,0,0,1
1026,Camille Skweir,57791,FPO,NT,0,0,0,52.617,0,0,0,1
1027,Madison Walker,59431,FPO,NT,0,0,1000,24.345,0,0,0,2
1028,Amy Lewis,61950,FPO,NT,0,0,0,49.201,0,0,0,1
1029,Courtney Cannon,70634,FPO,NT,0,0,0,70.0,0,0,0,1
1030,Danielle Keen,102024,FPO,NT,0,0,0,71.0,0,0,0,1
1031,Elyse Reveles,109383,FPO,NT,0,0,0,64.0,0,0,0,1
1032,Alyssa Weatherford,143049,FPO,NT,0,0,359,34.024,0,0,0,2
1033,Ella Hansen,144112,FPO,NT,0,0,0,44.456,0,0,0,1
1034,Danielle Kleidon,146137,FPO,NT,0,0,0,59.23,0,0,0,1
1035,Elaine King,3090,FPO,NT,0,0,103,41.864,0,0,0,1
1036,Michelle Frazer,24356,FPO,NT,0,0,77,42.467,0,0,0,1
1037,Becky Harris,33754,FPO,NT,0,0,9,49.086,0,0,0,1
1038,Lori Merriman,35616,FPO,NT,0,0,0,53.544,0,0,0,1
1039,Margaret Sassaman,54235,FPO,NT,0,0,3,52.644,0,0,0,1
1040,Cassandra Lioi,83376,FPO,NT,0,0,3,51.782,0,0,0,1
1041,Alex Benson,96030,FPO,NT,0,0,239,37.717,0,0,0,1
1042,Natalie Ryan,114560,FPO,NT,0,0,113,41.144,0,0,0,1
1043,Jessica Kinard,143720,FPO,NT,0,0,0,58.157,0,0,0,1
1044,Amber Meece,51937,FPO,NT,0,0,0,0.0,0,0,0,0
1045,Jennifer Black,61576,FPO,NT,0,0,0,0.0,0,0,0,0
1046,Jessica Oleskie,64840,FPO,NT,0,0,0,0.0,0,0,0,0
1047,Briana Ainsley,69890,FPO,NT,0,0,0,0.0,0,0,0,0
1048,Tiger Borth,78232,FPO,NT,0,0,0,0.0,0,0,0,0
1049,Jamie Spencer,86614,FPO,NT,0,0,0,0.0,0,0,0,0
1050,Christine Jennings,88568,FPO,NT,0,0,0,0.0,0,0,0,0
1051,Margaret Baudendistel,96011,FPO,NT,0,0,0,0.0,0,0,0,0
1052,Ratana Meekham,101949,FPO,NT,0,0,0,0.0,0,0,0,0
1053,Marissa Kula,110845,FPO,NT,0,0,0,0.0,0,0,0,0
1054,Emily Garner,127175,FPO,NT,0,0,0,0.0,0,0,0,0
1055,Keerti Goorah,154584,FPO,NT,0,0,0,0.0,0,0,0,0
1056,Paige Shue,33833,FPO,DGPT,0,0,0,54.622,0,2,0,0
1057,Samantha Yanssens,55347,FPO,DGPT,0,0,0,73.57,0,2,0,0
1058,Jessica Oleskie,64840,FPO,DGPT,0,0,0,52.006,1,3,0,0
1059,Jenny Munn,65131,FPO,DGPT,0,0,0,119.0,0,1,0,0
1060,Ashleh Baumann,76500,FPO,DGPT,0,0,0,41.808,0,3,0,0
1061,Tiger Borth,78232,FPO,DGPT,0,0,0,47.216,0,3,0,0
1062,Cassandra Lioi,83376,FPO,DGPT,0,0,0,96.875,0,1,0,0
1063,Ratana Meekham,101949,FPO,DGPT,0,0,0,64.548,0,3,0,0
1064,Kristin Tattar,73986,FPO,DGPT,0,0,1000,18.502,1,3,0,0
1065,Emma Partee,75785,FPO,DGPT,0,0,0,129.0,1,0,0,0
1066,Kacie Glade,76624,FPO,DGPT,0,0,0,118.0,1,0,0,0
1067,Rachel Braband,98375,FPO,DGPT,0,0,0,127.0,1,0,0,0
1068,Stacie Hass,124963,FPO,DGPT,0,0,0,65.703,1,1,0,0
1069,Erin Havok,135384,FPO,DGPT,0,0,0,122.0,1,0,0,0
1070,Ragna Bygde Lewis,8559,FPO,DGPT,0,0,0,61.115,0,1,0,0
1071,Sarah DeMar,25166,FPO,DGPT,0,0,0,81.12,0,1,0,0
1072,Jennifer Sawyer,43670,FPO,DGPT,0,0,0,88.608,0,1,0,0
1073,Amanda Melwiki,76988,FPO,DGPT,0,0,0,96.875,0,1,0,0
1074,Lindsey Messner,80935,FPO,DGPT,0,0,0,106.626,0,1,0,0
1075,Alex Benson,96030,FPO,DGPT,0,0,13,38.936,0,2,0,0
1076,Amy Lewis,61950,FPO,DGPT,0,0,0,72.57,1,1,0,0
1077,Alison Mabbutt,81569,FPO,DGPT,0,0,0,106.626,0,1,0,0
1078,Ruby Hall,88525,FPO,DGPT,0,0,0,104.353,0,1,0,0
1079,Katie Maixner,115863,FPO,DGPT,0,0,0,76.894,1,1,0,0
1080,Ashlyn Tahlier,141044,FPO,DGPT,0,0,0,92.745,0,1,0,0
1081,Kayla Singer,73777,FPO,DGPT,0,0,0,96.875,0,1,0,0
1082,Ellie Bryant,104814,FPO,DGPT,0,0,0,49.385,0,2,0,0
1083,Shelbi Dutton,107780,FPO,DGPT,0,0,0,48.332,0,2,0,0
1084,Emily Greene,115012,FPO,DGPT,0,0,0,90.719,0,1,0,0
1085,Sami Osterberg,137289,FPO,DGPT,0,0,0,100.025,0,1,0,0
1086,Lindsay Miller,139527,FPO,DGPT,0,0,0,85.255,0,1,0,0
1087,Molly Meyhoefer,146452,FPO,DGPT,0,0,0,86.503,0,1,0,0
1088,Amber Meece,51937,FPO,DGPT,0,0,0,102.108,0,1,0,0
1089,Taylor Crammer,102378,FPO,DGPT,0,0,0,82.422,0,1,0,0
1090,Natalie Ryan,114560,FPO,DGPT,0,0,0,76.386,0,1,0,0
1091,Melody Waibel,29858,FPO,DGPT,0,0,0,110.0,1,0,0,0
1092,Britney Quesenberry,57574,FPO,DGPT,0,0,0,91.745,1,0,0,0
1093,Kira Alexander,69006,FPO,DGPT,0,0,0,103.353,1,0,0,0
1094,Mandy Gunkel,73297,FPO,DGPT,0,0,0,115.0,1,0,0,0
1095,Kelsea Heaton,102201,FPO,DGPT,0,0,0,112.0,1,0,0,0
1096,Sara Taylor,116986,FPO,DGPT,0,0,0,106.626,1,0,0,0
1097,Kimberly Giannola,76910,FPO,DGPT,0,0,0,70.48,0,1,0,0
1098,Amanda Ickes,91943,FPO,DGPT,0,0,0,80.037,0,1,0,0
1099,Caitlin Kray,139271,FPO,DGPT,0,0,0,82.158,0,1,0,0
1100,Steven Rico,4666,MPO,NT,0,0,0,92.71,0,0,0,1
1101,Joshua Anthon,17946,MPO,NT,0,0,0,92.71,0,0,0,1
1102,Max Nichols,21870,MPO,NT,0,0,0,92.71,0,0,0,1
1103,Samuel Aldrich,22055,MPO,NT,0,0,0,92.71,0,0,0,1
1104,Kyle Crabtree,25596,MPO,NT,0,0,0,89.076,0,0,0,1
1105,Christopher Watson,27909,MPO,NT,0,0,0,92.71,0,0,0,1
1106,Leif Swenson,32388,MPO,NT,0,0,0,79.685,0,0,0,1
1107,Sean Brookman,33066,MPO,NT,0,0,0,92.71,0,0,0,1
1108,Jeff Faes,33661,MPO,NT,0,0,0,92.71,0,0,0,1
1109,James Proctor,34250,MPO,NT,0,0,129,34.17,0,0,0,1
1110,Paul Oman,34344,MPO,NT,0,0,0,92.71,0,0,0,1
1111,Peter McBride,34463,MPO,NT,0,0,0,92.71,0,0,0,1
1112,Dustin Keegan,35187,MPO,NT,0,0,0,79.685,0,0,0,1
1113,Scott Withers,38464,MPO,NT,0,0,0,53.773,0,0,0,1
1114,Danny Kerfeld,39209,MPO,NT,0,0,0,92.71,0,0,0,1
1115,Kenny Clark,39829,MPO,NT,0,0,0,67.376,0,0,0,1
1116,Chris Shotwell,41918,MPO,NT,0,0,0,92.71,0,0,0,1
1117,Robert Lockwood,42236,MPO,NT,0,0,0,92.71,0,0,0,1
1118,Chris Basuino,43371,MPO,NT,0,0,0,92.71,0,0,0,1
1119,Mike Sale,46910,MPO,NT,0,0,0,92.71,0,0,0,1
1120,Mike Carman,48559,MPO,NT,0,0,0,86.836,0,0,0,2
1121,Frank Martinez,56725,MPO,NT,0,0,0,92.71,0,0,0,1
1122,Jesse Kerfeld,57862,MPO,NT,0,0,0,92.71,0,0,0,1
1123,Daniel Brooks-Wells,79228,MPO,NT,0,0,9,73.585,0,0,0,2
1124,Thomas Tomaselli,80904,MPO,NT,0,0,0,92.71,0,0,0,1
1125,Brady Och,89514,MPO,NT,0,0,0,92.71,0,0,0,1
1126,Christopher Keseloff,91498,MPO,NT,0,0,0,70.458,0,0,0,1
1127,Nathan Vincent,130170,MPO,NT,0,0,0,92.71,0,0,0,1
1128,Brian Morris,16791,MPO,NT,0,0,0,91.175,0,0,0,1
1129,Kevin Gleason,19195,MPO,NT,0,0,0,85.287,0,0,0,1
1130,Michael Johansen,20300,MPO,NT,0,0,2,69.235,0,0,0,1
1131,A.J. Risley,25890,MPO,NT,0,0,0,89.504,0,0,0,1
1132,Matt Dollar,26045,MPO,NT,0,0,0,83.735,0,0,0,1
1133,Tim Reyes,27937,MPO,NT,0,0,0,91.019,0,0,0,1
1134,Konrad Pawlosky,29571,MPO,NT,0,0,0,92.045,0,0,0,1
1135,Dylan Horst,32599,MPO,NT,0,0,1,83.877,0,0,0,1
1136,Vincent Sutlic,34863,MPO,NT,0,0,0,92.429,0,0,0,1
1137,Jason Tiligadas,42135,MPO,NT,0,0,0,88.884,0,0,0,1
1138,Matthew Kashima,43528,MPO,NT,0,0,0,92.71,0,0,0,1
1139,Corey Ellis,44512,MPO,NT,0,0,3,69.939,0,0,0,1
1140,Philip Bartholomew,45441,MPO,NT,0,0,0,82.149,0,0,0,1
1141,Daniel Carlton,49182,MPO,NT,0,0,0,91.589,0,0,0,1
1142,Ryan Davie,54687,MPO,NT,0,0,0,90.528,0,0,0,1
1143,Brandon Hauer,55021,MPO,NT,0,0,0,91.512,0,0,0,1
1144,Sam Shiley,56072,MPO,NT,0,0,2,80.198,0,0,0,1
1145,Cody Bradshaw,58007,MPO,NT,0,0,2,78.691,0,0,0,1
1146,Chris Villa,58197,MPO,NT,0,0,1,74.857,0,0,0,1
1147,Andrew Fish,58320,MPO,NT,0,0,19,60.918,0,0,0,1
1148,Brett Wolter,58681,MPO,NT,0,0,0,92.485,0,0,0,1
1149,Cameron Messerschmidt,58814,MPO,NT,0,0,2,72.825,0,0,0,1
1150,Zach Arlinghaus,65266,MPO,NT,0,0,0,83.377,0,0,0,1
1151,Austin Lilly,65313,MPO,NT,0,0,0,90.666,0,0,0,1
1152,Sean Howard,71049,MPO,NT,0,0,0,86.295,0,0,0,1
1153,Justin Choka,73239,MPO,NT,0,0,1,84.644,0,0,0,1
1154,Jonathan Burns,74312,MPO,NT,0,0,0,88.555,0,0,0,1
1155,Matt Hammersten,81781,MPO,NT,0,0,2,65.89,0,0,0,1
1156,Robert Veliky,82998,MPO,NT,0,0,0,91.311,0,0,0,1
1157,Will Dobrzykowski,85446,MPO,NT,0,0,0,92.131,0,0,0,1
1158,Dave Dunn,88153,MPO,NT,0,0,0,91.878,0,0,0,1
1159,Brian O'Neill,89114,MPO,NT,0,0,0,91.81,0,0,0,1
1160,Logan Jackson,95533,MPO,NT,0,0,0,90.58,0,0,0,1
1161,Trey Gleim,100011,MPO,NT,0,0,2,78.564,0,0,0,1
1162,Taylor Rafaleowski,111099,MPO,NT,0,0,0,83.346,0,0,0,1
1163,Torrin Clapper,115286,MPO,NT,0,0,0,92.71,0,0,0,1
1164,Elias White,139080,MPO,NT,0,0,0,92.688,0,0,0,1
1165,Lars Jaeger,8439,MPO,NT,0,0,0,0.0,0,0,0,0
1166,Justin Bunnell,20827,MPO,NT,0,0,0,0.0,0,0,0,0
1167,Andrew Lamont,22512,MPO,NT,0,0,0,0.0,0,0,0,0
1168,Trevor Dehmlow,26698,MPO,NT,0,0,0,0.0,0,0,0,0
1169,Kevin Rarick,27063,MPO,NT,0,0,0,0.0,0,0,0,0
1170,Will Schusterick,29064,MPO,NT,0,0,0,0.0,0,0,0,0
1171,James Cole,29690,MPO,NT,0,0,0,0.0,0,0,0,0
1172,Calvin Pettigrew,31818,MPO,NT,0,0,0,0.0,0,0,0,0
1173,Walton Satcher,32277,MPO,NT,0,0,0,0.0,0,0,0,0
1174,Owen Hileman,32715,MPO,NT,0,0,0,0.0,0,0,0,0
1175,Khris Leviner,36110,MPO,NT,0,0,0,0.0,0,0,0,0
1176,Jason Sosnowski,39562,MPO,NT,0,0,0,0.0,0,0,0,0
1177,Luke Hambleton,43206,MPO,NT,0,0,0,0.0,0,0,0,0
1178,Danny Parkins,45823,MPO,NT,0,0,0,0.0,0,0,0,0
1179,D.J. Wix,46515,MPO,NT,0,0,0,0.0,0,0,0,0
1180,Nate Reiner,55277,MPO,NT,0,0,0,0.0,0,0,0,0
1181,Thunder Schultz,56016,MPO,NT,0,0,0,0.0,0,0,0,0
1182,Clint Burner,58157,MPO,NT,0,0,0,0.0,0,0,0,0
1183,Harper Thompson,60259,MPO,NT,0,0,0,0.0,0,0,0,0
1184,Cole Wehrheim,60399,MPO,NT,0,0,0,0.0,0,0,0,0
1185,Chris Sutherland,61067,MPO,NT,0,0,0,0.0,0,0,0,0
1186,Casey Lee,63411,MPO,NT,0,0,0,0.0,0,0,0,0
1187,Zac Coisman,64328,MPO,NT,0,0,0,0.0,0,0,0,0
1188,Garrett Glass,65471,MPO,NT,0,0,0,0.0,0,0,0,0
1189,Jonathan Fletcher,65940,MPO,NT,0,0,0,0.0,0,0,0,0
1190,Ryan Kenney,67283,MPO,NT,0,0,0,0.0,0,0,0,0
1191,Matthew Splain,68281,MPO,NT,0,0,0,0.0,0,0,0,0
1192,Bartosz Kowalewski,68737,MPO,NT,0,0,0,0.0,0,0,0,0
1193,Jamie Kiep,68815,MPO,NT,0,0,0,0.0,0,0,0,0
1194,Blake Thomas,68979,MPO,NT,0,0,0,0.0,0,0,0,0
1195,Matt Clark,70605,MPO,NT,0,0,0,0.0,0,0,0,0
1196,Ben Brown,70922,MPO,NT,0,0,0,0.0,0,0,0,0
1197,Benjamin Page,74914,MPO,NT,0,0,0,0.0,0,0,0,0
1198,David Rogers,76075,MPO,NT,0,0,0,0.0,0,0,0,0
1199,Austin Housewright,77181,MPO,NT,0,0,0,0.0,0,0,0,0
1200,Noah Osborne,77277,MPO,NT,0,0,0,0.0,0,0,0,0
1201,Silas Schultz,79047,MPO,NT,0,0,0,0.0,0,0,0,0
1202,Brett Mierzejewski Stetson,79063,MPO,NT,0,0,0,0.0,0,0,0,0
1203,Todd Reagan,80635,MPO,NT,0,0,0,0.0,0,0,0,0
1204,Brandon Oleskie,84911,MPO,NT,0,0,0,0.0,0,0,0,0
1205,Chloe Browning,85663,MPO,NT,0,0,0,0.0,0,0,0,0
1206,Jared Forlines,86902,MPO,NT,0,0,0,0.0,0,0,0,0
1207,Breydon Christopher,86994,MPO,NT,0,0,0,0.0,0,0,0,0
1208,Brandon Brown,87673,MPO,NT,0,0,0,0.0,0,0,0,0
1209,Kevin McGregor,88843,MPO,NT,0,0,0,0.0,0,0,0,0
1210,Evan Scott,89394,MPO,NT,0,0,0,0.0,0,0,0,0
1211,Adam Stanton,90872,MPO,NT,0,0,0,0.0,0,0,0,0
1212,Clay Edwards,91397,MPO,NT,0,0,0,0.0,0,0,0,0
1213,Brandon Bosworth,93625,MPO,NT,0,0,0,0.0,0,0,0,0
1214,Jonathan Peek,98650,MPO,NT,0,0,0,0.0,0,0,0,0
1215,Jake Monn,98722,MPO,NT,0,0,0,0.0,0,0,0,0
1216,Jon Lynn,99462,MPO,NT,0,0,0,0.0,0,0,0,0
1217,James Brown,99718,MPO,NT,0,0,0,0.0,0,0,0,0
1218,Hunter Bennett,100526,MPO,NT,0,0,0,0.0,0,0,0,0
1219,Rick Huber,100542,MPO,NT,0,0,0,0.0,0,0,0,0
1220,Benjamin Stemen,100815,MPO,NT,0,0,0,0.0,0,0,0,0
1221,Blake Waldron,100981,MPO,NT,0,0,0,0.0,0,0,0,0
1222,Colby Childress,101578,MPO,NT,0,0,0,0.0,0,0,0,0
1223,Nicholas Barnett,105457,MPO,NT,0,0,0,0.0,0,0,0,0
1224,Michael Hammock,106864,MPO,NT,0,0,0,0.0,0,0,0,0
1225,Luke Sabulsky,109175,MPO,NT,0,0,0,0.0,0,0,0,0
1226,Stephen Curry,109496,MPO,NT,0,0,0,0.0,0,0,0,0
1227,Jackson Hester,114687,MPO,NT,0,0,0,0.0,0,0,0,0
1228,Matthew Brown,115831,MPO,NT,0,0,0,0.0,0,0,0,0
1229,Arek Robinson,116050,MPO,NT,0,0,0,0.0,0,0,0,0
1230,Samuel Wegleitner,120359,MPO,NT,0,0,0,0.0,0,0,0,0
1231,E. Lucas Pierce,123319,MPO,NT,0,0,0,0.0,0,0,0,0
1232,Matthew Thompson,125969,MPO,NT,0,0,0,0.0,0,0,0,0
1233,Jared Henderson,126148,MPO,NT,0,0,0,0.0,0,0,0,0
1234,Andrew LaVoie,127483,MPO,NT,0,0,0,0.0,0,0,0,0
1235,Richard Crawford,135808,MPO,NT,0,0,0,0.0,0,0,0,0
1236,Isaac Frazier,141012,MPO,NT,0,0,0,0.0,0,0,0,0
1237,Jarnail Bajwa,142586,MPO,NT,0,0,0,0.0,0,0,0,0
1238,Kamil Skwarek,144011,MPO,NT,0,0,0,0.0,0,0,0,0
1239,Gabriel Hernández,148785,MPO,NT,0,0,0,0.0,0,0,0,0
1240,Ron Turner,9030,MPO,DGPT,0,0,0,307.468,0,1,0,0
1241,Joshua Anthon,17946,MPO,DGPT,0,0,0,307.468,0,1,0,0
1242,Matt Dollar,26045,MPO,DGPT,0,0,0,221.098,0,2,0,0
1243,Willie Prince,31550,MPO,DGPT,0,0,0,142.648,1,2,0,0
1244,Dylan Horst,32599,MPO,DGPT,0,0,0,307.468,0,1,0,0
1245,Nicholas Gill,33838,MPO,DGPT,0,0,0,135.745,1,1,0,0
1246,Christopher Meyer,34453,MPO,DGPT,0,0,0,550.0,1,1,0,0
1247,Derek Sahr,39552,MPO,DGPT,0,0,0,221.098,0,2,0,0
1248,Touchella Ly,41439,MPO,DGPT,0,0,0,750.0,0,1,0,0
1249,Jared Johnson,41980,MPO,DGPT,0,0,0,307.468,0,1,0,0
1250,Corey Ellis,44512,MPO,DGPT,0,0,1,57.748,0,3,0,0
1251,Philip Bartholomew,45441,MPO,DGPT,0,0,0,180.386,0,3,0,0
1252,Alex Nimtz,46127,MPO,DGPT,0,0,0,307.468,0,1,0,0
1253,Zak Kemmer,47139,MPO,DGPT,0,0,0,307.468,0,1,0,0
1254,Nick Schultz,47589,MPO,DGPT,0,0,0,307.468,0,1,0,0
1255,George Beno,49225,MPO,DGPT,0,0,0,193.341,0,3,0,0
1256,Isaac Robinson,50670,MPO,DGPT,0,0,0,83.655,0,1,0,0
1257,Kyle Moriarty,50920,MPO,DGPT,0,0,0,221.098,0,2,0,0
1258,Thomas Earhart,54106,MPO,DGPT,0,0,0,156.777,1,2,0,0
1259,Colin Wise,54793,MPO,DGPT,0,0,0,221.098,0,2,0,0
1260,Andrew Fish,58320,MPO,DGPT,0,0,0,97.718,0,2,0,0
1261,Harper Thompson,60259,MPO,DGPT,0,0,0,111.305,0,4,0,0
1262,Edward Ward,62387,MPO,DGPT,0,0,0,125.232,0,1,0,0
1263,John Pallister,62644,MPO,DGPT,0,0,0,270.439,1,1,0,0
1264,Henry Manahan,62886,MPO,DGPT,0,0,0,181.695,0,3,0,0
1265,Garrett Glass,65471,MPO,DGPT,0,0,0,750.0,0,1,0,0
1266,Jonathan Fletcher,65940,MPO,DGPT,0,0,0,307.468,0,1,0,0
1267,Clayton Lawson,69229,MPO,DGPT,0,0,0,307.468,0,1,0,0
1268,Jesse Peterson,70585,MPO,DGPT,0,0,0,184.158,1,2,0,0
1269,William Freed,72824,MPO,DGPT,0,0,0,194.794,1,4,0,0
1270,Benjamin Page,74914,MPO,DGPT,0,0,0,307.468,0,1,0,0
1271,Alex Tews,75745,MPO,DGPT,0,0,0,307.468,0,1,0,0
1272,Danny Beauchamp,76153,MPO,DGPT,0,0,0,96.627,1,2,0,0
1273,Nicholas Brown,79724,MPO,DGPT,0,0,0,750.0,0,1,0,0
1274,Drew Cantrell,80089,MPO,DGPT,0,0,0,307.468,0,1,0,0
1275,Gavin Babcock,80331,MPO,DGPT,0,0,0,94.403,1,6,0,0
1276,Matt Hammersten,81781,MPO,DGPT,0,0,0,136.187,0,2,0,0
1277,Adam McPherson,83046,MPO,DGPT,0,0,0,307.468,0,1,0,0
1278,Brandon Oleskie,84911,MPO,DGPT,0,0,0,217.076,1,2,0,0
1279,Kyle Opfer,87871,MPO,DGPT,0,0,0,121.584,1,2,0,0
1280,Mario Short,88491,MPO,DGPT,0,0,0,307.468,0,1,0,0
1281,Jacob Roley,88840,MPO,DGPT,0,0,0,750.0,0,1,0,0
1282,Patrick Nemmer,90545,MPO,DGPT,0,0,0,550.0,1,1,0,0
1283,Jarod O'Brien,92426,MPO,DGPT,0,0,0,307.468,0,1,0,0
1284,Kao Xiong,96899,MPO,DGPT,0,0,0,307.468,0,1,0,0
1285,Justin Rosak,98161,MPO,DGPT,0,0,0,162.814,0,1,0,0
1286,Garett Everson,98164,MPO,DGPT,0,0,0,91.732,0,2,0,0
1287,Frank Smith,99092,MPO,DGPT,0,0,0,307.468,0,1,0,0
1288,Trey Gleim,100011,MPO,DGPT,0,0,0,162.814,0,1,0,0
1289,Logan Harpool,101319,MPO,DGPT,0,0,0,71.852,0,5,0,0
1290,Micah Noble,101997,MPO,DGPT,0,0,0,307.468,0,1,0,0
1291,Reid Kemp,103074,MPO,DGPT,0,0,0,307.468,0,2,0,0
1292,Collin Thompson,107074,MPO,DGPT,0,0,0,217.076,1,2,0,0
1293,Taylor Rafaleowski,111099,MPO,DGPT,0,0,0,307.468,0,1,0,0
1294,Benjamin Fulford,114761,MPO,DGPT,0,0,0,307.468,0,1,0,0
1295,Spencer Ellingson,120588,MPO,DGPT,0,0,0,536.0,0,1,0,0
1296,Eric Shomo,121414,MPO,DGPT,0,0,0,221.098,0,2,0,0
1297,Mason Hults,121920,MPO,DGPT,0,0,0,307.468,0,1,0,0
1298,Eli Swansen,128050,MPO,DGPT,0,0,0,307.468,0,2,0,0
1299,Matthew Alexander,138103,MPO,DGPT,0,0,0,750.0,0,1,0,0
1300,Nathaniel Spencer,168806,MPO,DGPT,0,0,0,221.098,0,2,0,0
1301,Eric Bassett,26199,MPO,DGPT,0,0,0,550.0,1,0,0,0
1302,Matt Travis,29292,MPO,DGPT,0,0,0,550.0,1,0,0,0
1303,James Bates,31509,MPO,DGPT,0,0,0,550.0,1,0,0,0
1304,Luke Hanewall,35364,MPO,DGPT,0,0,0,270.439,1,0,0,0
1305,Mike Fierke,36765,MPO,DGPT,0,0,0,550.0,1,0,0,0
1306,Sam Smigiel,37009,MPO,DGPT,0,0,0,270.439,1,1,0,0
1307,Ben Carrescia,37483,MPO,DGPT,0,0,0,550.0,1,0,0,0
1308,Andrew Hennebry,39838,MPO,DGPT,0,0,0,550.0,1,0,0,0
1309,Eric Ford,40673,MPO,DGPT,0,0,0,550.0,1,0,0,0
1310,Garrett Miller,41638,MPO,DGPT,0,0,0,270.439,1,1,0,0
1311,Patrick Haaker,42268,MPO,DGPT,0,0,0,550.0,1,0,0,0
1312,Ryan Buikema,46507,MPO,DGPT,0,0,0,550.0,1,0,0,0
1313,Bryan Jenkins,48186,MPO,DGPT,0,0,0,270.439,1,0,0,0
1314,Izak McDonald,49631,MPO,DGPT,0,0,0,212.044,1,0,0,0
1315,Randon Latta,51685,MPO,DGPT,0,0,0,130.571,1,1,0,0
1316,Kyle Greenfield,52544,MPO,DGPT,0,0,0,550.0,1,0,0,0
1317,Evan Gronlund,53661,MPO,DGPT,0,0,0,550.0,1,0,0,0
1318,David Garb,54050,MPO,DGPT,0,0,0,550.0,1,0,0,0
1319,Jermaine Barksdale,55870,MPO,DGPT,0,0,0,547.0,1,0,0,0
1320,Aidan Brock,59742,MPO,DGPT,0,0,0,270.439,1,1,0,0
1321,Jesse Papermaster,59819,MPO,DGPT,0,0,0,550.0,1,0,0,0
1322,Nick Robinson,60332,MPO,DGPT,0,0,0,550.0,1,0,0,0
1323,Kyle Giovannini,60367,MPO,DGPT,0,0,0,155.762,1,0,0,0
1324,Steve Rachan,60925,MPO,DGPT,0,0,0,547.0,1,0,0,0
1325,Silver Lätt,61186,MPO,DGPT,0,0,0,58.889,1,3,0,0
1326,Ryan Kenney,67283,MPO,DGPT,0,0,0,550.0,1,0,0,0
1327,Paul Russell,68579,MPO,DGPT,0,0,0,269.439,1,1,0,0
1328,Daniel Fairhurst,69417,MPO,DGPT,0,0,0,550.0,1,0,0,0
1329,Adam Marbes,78588,MPO,DGPT,0,0,0,550.0,1,0,0,0
1330,Mikey Hvizd,85038,MPO,DGPT,0,0,0,550.0,1,0,0,0
1331,David A. Klett,85544,MPO,DGPT,0,0,0,550.0,1,0,0,0
1332,Cole Mintert,87550,MPO,DGPT,0,0,0,550.0,1,0,0,0
1333,Forrest Beals,89325,MPO,DGPT,0,0,0,550.0,1,0,0,0
1334,Tad Carlson,89811,MPO,DGPT,0,0,0,536.0,1,0,0,0
1335,Ryan Rhodes,91979,MPO,DGPT,0,0,0,550.0,1,0,0,0
1336,Alberto Ochoa,93782,MPO,DGPT,0,0,0,547.0,1,0,0,0
1337,Damon Morstatter,94014,MPO,DGPT,0,0,0,550.0,1,0,0,0
1338,Caleb Algire,96023,MPO,DGPT,0,0,0,550.0,1,0,0,0
1339,Peter Madrawski,96762,MPO,DGPT,0,0,0,550.0,1,0,0,0
1340,Josh Riley,97326,MPO,DGPT,0,0,0,550.0,1,0,0,0
1341,Cole Neal,98167,MPO,DGPT,0,0,0,550.0,1,0,0,0
1342,Woody Hass,103944,MPO,DGPT,0,0,0,550.0,1,0,0,0
1343,Scott Rangel,104066,MPO,DGPT,0,0,0,550.0,1,0,0,0
1344,Samuel St. John,104171,MPO,DGPT,0,0,0,270.439,1,1,0,0
1345,Adrian Chevalier,104894,MPO,DGPT,0,0,0,182.156,1,0,0,0
1346,Jeffrey Cvikota,106808,MPO,DGPT,0,0,0,550.0,1,0,0,0
1347,Mark Jones,107056,MPO,DGPT,0,0,0,550.0,1,0,0,0
1348,Dustin Barrett,112264,MPO,DGPT,0,0,0,550.0,1,0,0,0
1349,Niko Voules,116076,MPO,DGPT,0,0,0,270.439,1,1,0,0
1350,Zac Sherman,120728,MPO,DGPT,0,0,0,550.0,1,0,0,0
1351,Bryan Walter Opitz,122475,MPO,DGPT,0,0,0,550.0,1,0,0,0
1352,Frank Buttacavoli,122502,MPO,DGPT,0,0,0,550.0,1,0,0,0
1353,Isaias Solano,123280,MPO,DGPT,0,0,0,550.0,1,0,0,0
1354,Pat Richert,126422,MPO,DGPT,0,0,0,270.439,1,1,0,0
1355,Sunny You,126438,MPO,DGPT,0,0,0,168.846,1,0,0,0
1356,Zac Pedigo,129787,MPO,DGPT,0,0,0,550.0,1,0,0,0
1357,Benjamin Wagner,135025,MPO,DGPT,0,0,0,550.0,1,0,0,0
1358,Mark Sarti,136206,MPO,DGPT,0,0,0,550.0,1,0,0,0
1359,James Fahey,145462,MPO,DGPT,0,0,0,550.0,1,0,0,0
1360,Jared Hamernick,149596,MPO,DGPT,0,0,0,550.0,1,0,0,0
1361,Geoff Hungerford,688,MPO,DGPT,0,0,0,307.468,0,1,0,0
1362,Brad Schick,7992,MPO,DGPT,0,0,0,183.788,0,2,0,0
1363,Tyler Horne,16058,MPO,DGPT,0,0,0,202.754,0,2,0,0
1364,James Mosier,17591,MPO,DGPT,0,0,0,220.545,0,2,0,0
1365,Patrick Burke,28567,MPO,DGPT,0,0,0,307.468,0,1,0,0
1366,Ryan Herzog,29024,MPO,DGPT,0,0,0,307.468,0,1,0,0
1367,Walton Satcher,32277,MPO,DGPT,0,0,0,307.468,0,1,0,0
1368,Dan Hastings,33504,MPO,DGPT,0,0,0,307.468,0,1,0,0
1369,Josh Taylor,34256,MPO,DGPT,0,0,0,307.468,0,1,0,0
1370,Zak Fortuna,39518,MPO,DGPT,0,0,0,307.468,0,1,0,0
1371,Jason Sosnowski,39562,MPO,DGPT,0,0,0,307.468,0,1,0,0
1372,Nate Corder,44800,MPO,DGPT,0,0,0,307.468,0,1,0,0
1373,Jason Lynn,46394,MPO,DGPT,0,0,0,307.468,0,1,0,0
1374,Ben Creger,49717,MPO,DGPT,0,0,0,307.468,0,1,0,0
1375,Austin Turner,54049,MPO,DGPT,0,0,0,83.655,0,1,0,0
1376,Layne Martin,54301,MPO,DGPT,0,0,0,307.468,0,1,0,0
1377,Andrew Martin,54302,MPO,DGPT,0,0,0,198.163,0,1,0,0
1378,Skyler Stoker,59861,MPO,DGPT,0,0,0,307.468,0,1,0,0
1379,Matt Clark,70605,MPO,DGPT,0,0,0,307.468,0,1,0,0
1380,Cameron Benak,74356,MPO,DGPT,0,0,0,307.468,0,1,0,0
1381,Albert Tamm,76669,MPO,DGPT,0,0,0,60.634,0,4,0,0
1382,Sean McCoy,79833,MPO,DGPT,0,0,0,307.468,0,1,0,0
1383,Noah Moorehouse,84626,MPO,DGPT,0,0,0,307.468,0,1,0,0
1384,Nolan Ramser,90461,MPO,DGPT,0,0,0,221.098,0,2,0,0
1385,Corey Selig,100561,MPO,DGPT,0,0,0,307.468,0,1,0,0
1386,Luke Taylor,102119,MPO,DGPT,0,0,0,99.717,0,1,0,0
1387,Mike Dabkowski,108471,MPO,DGPT,0,0,0,307.468,0,1,0,0
1388,Cody Sears,122121,MPO,DGPT,0,0,0,307.468,0,1,0,0
1389,Dana Vicich,26228,MPO,DGPT,0,0,0,307.468,0,1,0,0
1390,Brian Cook,36931,MPO,DGPT,0,0,0,307.468,0,1,0,0
1391,Brandon Parsons,37724,MPO,DGPT,0,0,0,307.468,0,1,0,0
1392,Chase Estep,41455,MPO,DGPT,0,0,0,270.439,1,1,0,0
1393,Robert Lockwood,42236,MPO,DGPT,0,0,0,162.814,1,1,0,0
1394,Corbin Higdon,42915,MPO,DGPT,0,0,0,307.468,0,1,0,0
1395,Cory Dawkins,43850,MPO,DGPT,0,0,0,270.439,1,1,0,0
1396,Mathew Owens,48643,MPO,DGPT,0,0,0,270.439,1,1,0,0
1397,Luis Nava,50383,MPO,DGPT,0,0,0,173.71,1,1,0,0
1398,Andrew Nava,52403,MPO,DGPT,0,0,0,171.881,1,1,0,0
1399,Justin Anderson,55776,MPO,DGPT,0,0,0,186.288,1,1,0,0
1400,Bryan Van Fleet,56167,MPO,DGPT,0,0,0,307.468,0,1,0,0
1401,Liam Stott,60044,MPO,DGPT,0,0,0,307.468,0,1,0,0
1402,Erik Hayworth,63399,MPO,DGPT,0,0,0,307.468,0,1,0,0
1403,Matt Jackson,67783,MPO,DGPT,0,0,0,132.469,1,1,0,0
1404,D.J. Herrington,71239,MPO,DGPT,0,0,0,212.044,1,1,0,0
1405,Jacob Dills,71769,MPO,DGPT,0,0,0,270.439,1,1,0,0
1406,Michael Jordt,77562,MPO,DGPT,0,0,0,307.468,0,1,0,0
1407,Taylor Coulam,89542,MPO,DGPT,0,0,0,270.439,1,1,0,0
1408,James Hafer,90762,MPO,DGPT,0,0,0,307.468,0,1,0,0
1409,Grant Barr,103223,MPO,DGPT,0,0,0,307.468,0,1,0,0
1410,Zachary Todd,111006,MPO,DGPT,0,0,0,270.439,1,1,0,0
1411,Kenny Shelton,112835,MPO,DGPT,0,0,0,270.439,1,1,0,0
1412,Kirby Snyder,115165,MPO,DGPT,0,0,0,186.288,1,1,0,0
1413,Maxwell Wolckenhauer,143625,MPO,DGPT,0,0,0,307.468,0,1,0,0
1414,Shawn Persing,153081,MPO,DGPT,0,0,0,307.468,0,1,0,0
1415,Brian Walli,18720,MPO,DGPT,0,0,0,307.468,0,1,0,0
1416,Mike Gerads,23148,MPO,DGPT,0,0,0,307.468,0,1,0,0
1417,Dustin Honold,24275,MPO,DGPT,0,0,0,307.468,0,1,0,0
1418,Tyler Liebman,24981,MPO,DGPT,0,0,0,307.468,0,1,0,0
1419,Daniel Polk,27276,MPO,DGPT,0,0,0,307.468,0,1,0,0
1420,Benjamin Peterson,27436,MPO,DGPT,0,0,0,307.468,0,1,0,0
1421,Joe Hegge,29449,MPO,DGPT,0,0,0,307.468,0,1,0,0
1422,Dan Beto,31408,MPO,DGPT,0,0,0,307.468,0,1,0,0
1423,Chris Hall,41569,MPO,DGPT,0,0,0,307.468,0,1,0,0
1424,Ben Kroll,42963,MPO,DGPT,0,0,0,307.468,0,1,0,0
1425,Mitchell Privette,44938,MPO,DGPT,0,0,0,307.468,0,1,0,0
1426,Collin Bailey,52115,MPO,DGPT,0,0,0,307.468,0,1,0,0
1427,Tony Candyarms Cahill,53637,MPO,DGPT,0,0,0,307.468,0,1,0,0
1428,Timothy T3J Johnson Jr,59661,MPO,DGPT,0,0,0,307.468,0,1,0,0
1429,Kelly Kunze,66491,MPO,DGPT,0,0,0,307.468,0,1,0,0
1430,Zack Gray,79604,MPO,DGPT,0,0,0,307.468,0,1,0,0
1431,Jeremy Sneeden,81943,MPO,DGPT,0,0,0,307.468,0,1,0,0
1432,Ryan Sheldon,87836,MPO,DGPT,0,0,0,307.468,0,1,0,0
1433,Logan Olesen,93730,MPO,DGPT,0,0,0,307.468,0,1,0,0
1434,Clinton Rihn,95555,MPO,DGPT,0,0,0,307.468,0,1,0,0
1435,Tommy Sheridan,104990,MPO,DGPT,0,0,0,307.468,0,1,0,0
1436,Deryck Lawson,112697,MPO,DGPT,0,0,0,221.098,0,2,0,0
1437,Jonny Twofingers Estes,118086,MPO,DGPT,0,0,0,221.098,0,2,0,0
1438,Will Bratzel,121858,MPO,DGPT,0,0,0,307.468,0,1,0,0
1439,Peter Calabrese,137471,MPO,DGPT,0,0,0,307.468,0,1,0,0
1440,Gary Costa,10298,MPO,DGPT,0,0,0,303.772,0,1,0,0
1441,Matthew Blakely,15410,MPO,DGPT,0,0,0,273.657,0,1,0,0
1442,Devin Frederick,16287,MPO,DGPT,0,0,0,247.432,0,1,0,0
1443,Kris Orrick,20020,MPO,DGPT,0,0,0,236.601,0,1,0,0
1444,Nicholas Long,24469,MPO,DGPT,0,0,0,302.665,0,1,0,0
1445,A.J. Risley,25890,MPO,DGPT,0,0,0,301.841,0,1,0,0
1446,Cyrus Fuhrman,30655,MPO,DGPT,0,0,0,249.865,0,1,0,0
1447,CJ King,37832,MPO,DGPT,0,0,0,292.094,0,1,0,0
1448,Bryan Gort,41920,MPO,DGPT,0,0,0,305.967,0,1,0,0
1449,Tony Moe Reiss,47136,MPO,DGPT,0,0,0,290.783,0,1,0,0
1450,Calvin Caldwell,50024,MPO,DGPT,0,0,0,301.865,0,1,0,0
1451,Anthony Anselmo,56579,MPO,DGPT,0,0,0,285.803,0,1,0,0
1452,Ben Clark,62521,MPO,DGPT,0,0,0,306.588,0,1,0,0
1453,Noah Osborne,77277,MPO,DGPT,0,0,0,258.889,0,1,0,0
1454,Sean Goddard,86949,MPO,DGPT,0,0,0,243.68,0,1,0,0
1455,Kevin Mosteller,100747,MPO,DGPT,0,0,0,307.053,0,1,0,0
1456,Trey Martin,102965,MPO,DGPT,0,0,0,303.722,0,1,0,0
1457,Shaun Kirk,33030,MPO,DGPT,0,0,0,550.0,1,0,0,0
1458,Dare Sunnes,33963,MPO,DGPT,0,0,0,173.71,1,0,0,0
1459,Mike Ward,36593,MPO,DGPT,0,0,0,550.0,1,0,0,0
1460,Justin Joers,45713,MPO,DGPT,0,0,0,189.34,1,0,0,0
1461,Dillon Hunt,46155,MPO,DGPT,0,0,0,536.0,1,0,0,0
1462,Michael Grummert,46227,MPO,DGPT,0,0,0,550.0,1,0,0,0
1463,Travis Head,47837,MPO,DGPT,0,0,0,536.0,1,0,0,0
1464,Dallas Brown,49310,MPO,DGPT,0,0,0,550.0,1,0,0,0
1465,Page Jenkins,50298,MPO,DGPT,0,0,0,550.0,1,0,0,0
1466,John Bellman,52999,MPO,DGPT,0,0,0,221.098,1,0,0,0
1467,Brad Smethers,53569,MPO,DGPT,0,0,0,550.0,1,0,0,0
1468,Ryan Tech,54860,MPO,DGPT,0,0,0,550.0,1,0,0,0
1469,Brad Hummel,56137,MPO,DGPT,0,0,0,550.0,1,0,0,0
1470,Bryan Peterson,59398,MPO,DGPT,0,0,0,550.0,1,0,0,0
1471,Aaron DeVries,62322,MPO,DGPT,0,0,0,550.0,1,0,0,0
1472,Dallas Trower,64209,MPO,DGPT,0,0,0,550.0,1,0,0,0
1473,Ryan Robinson,66977,MPO,DGPT,0,0,0,550.0,1,0,0,0
1474,Jesse Bickley,68357,MPO,DGPT,0,0,0,532.0,1,0,0,0
1475,Ian Blake,69689,MPO,DGPT,0,0,0,550.0,1,0,0,0
1476,Jon Youngbar,70055,MPO,DGPT,0,0,0,550.0,1,0,0,0
1477,Jason Hardin Jr,73346,MPO,DGPT,0,0,0,170.874,1,0,0,0
1478,Tim Mitchell,75158,MPO,DGPT,0,0,0,550.0,1,0,0,0
1479,Jebediah Anderson,75923,MPO,DGPT,0,0,0,550.0,1,0,0,0
1480,Justin Roscoe,77692,MPO,DGPT,0,0,0,550.0,1,0,0,0
1481,Curtis Ferrill,86409,MPO,DGPT,0,0,0,532.0,1,0,0,0
1482,Brandon Bosworth,93625,MPO,DGPT,0,0,0,550.0,1,0,0,0
1483,Dustin Hummel,94176,MPO,DGPT,0,0,0,550.0,1,0,0,0
1484,Tanner Dorner,97178,MPO,DGPT,0,0,0,550.0,1,0,0,0
1485,Trevor Snyder,102057,MPO,DGPT,0,0,0,550.0,1,0,0,0
1486,Ian Puckett,105714,MPO,DGPT,0,0,0,550.0,1,0,0,0
1487,Joe Nelson,107429,MPO,DGPT,0,0,0,550.0,1,0,0,0
1488,Micah Morehead,107430,MPO,DGPT,0,0,0,267.403,1,0,0,0
1489,Juan Perez,108046,MPO,DGPT,0,0,0,550.0,1,0,0,0
1490,Sean Martin,111104,MPO,DGPT,0,0,0,550.0,1,0,0,0
1491,Colin Bebee,112590,MPO,DGPT,0,0,0,550.0,1,0,0,0
1492,Jacob Velasco,118010,MPO,DGPT,0,0,0,550.0,1,0,0,0
1493,James Morse,122072,MPO,DGPT,0,0,0,550.0,1,0,0,0
1494,Josiah Nelson,122969,MPO,DGPT,0,0,0,221.098,1,0,0,0
1495,Lucas Stoneman,126746,MPO,DGPT,0,0,0,550.0,1,0,0,0
1496,Francis Adzima,128226,MPO,DGPT,0,0,0,550.0,1,0,0,0
1497,Zachary Crist,132070,MPO,DGPT,0,0,0,550.0,1,0,0,0
1498,David Konoplev,134053,MPO,DGPT,0,0,0,550.0,1,0,0,0
1499,Casey Blum,149444,MPO,DGPT,0,0,0,550.0,1,0,0,0
1500,Curtis Moroni,151295,MPO,DGPT,0,0,0,550.0,1,0,0,0
1501,Nik Elliott,151998,MPO,DGPT,0,0,0,550.0,1,0,0,0
1502,Phil Schmidt,160340,MPO,DGPT,0,0,0,550.0,1,0,0,0
1503,Jeff Harper,2968,MPO,DGPT,0,0,0,307.468,0,1,0,0
1504,Jason Steffen,4113,MPO,DGPT,0,0,0,307.468,0,1,0,0
1505,Jon Drummond,7350,MPO,DGPT,0,0,0,307.468,0,1,0,0
1506,Alex Springman,20124,MPO,DGPT,0,0,0,307.468,0,1,0,0
1507,Fred Smith,20578,MPO,DGPT,0,0,0,307.468,0,1,0,0
1508,Hans Coleman,21416,MPO,DGPT,0,0,0,307.468,0,1,0,0
1509,Trent Tinlin,23187,MPO,DGPT,0,0,0,307.468,0,1,0,0
1510,Craig Land,30154,MPO,DGPT,0,0,0,307.468,0,1,0,0
1511,Zach Moses,41351,MPO,DGPT,0,0,0,307.468,0,1,0,0
1512,Todd Appleby,45650,MPO,DGPT,0,0,0,307.468,0,1,0,0
1513,Luke Kemna,45876,MPO,DGPT,0,0,0,307.468,0,1,0,0
1514,Robert Utterback,46376,MPO,DGPT,0,0,0,307.468,0,1,0,0
1515,Ryan Anderson,50038,MPO,DGPT,0,0,0,307.468,0,1,0,0
1516,Rod Reiter,51499,MPO,DGPT,0,0,0,307.468,0,1,0,0
1517,Justin Done,51748,MPO,DGPT,0,0,0,307.468,0,1,0,0
1518,Josh King,53888,MPO,DGPT,0,0,0,307.468,0,1,0,0
1519,Finlay Buchanan-Jacobs,55953,MPO,DGPT,0,0,0,307.468,0,1,0,0
1520,Cody Bartlett,59798,MPO,DGPT,0,0,0,307.468,0,1,0,0
1521,Joe Luloff,59990,MPO,DGPT,0,0,0,307.468,0,1,0,0
1522,Chris Sutherland,61067,MPO,DGPT,0,0,0,307.468,0,1,0,0
1523,Bradley Levendosky Jr,62190,MPO,DGPT,0,0,0,307.468,0,1,0,0
1524,David O'Meara,66276,MPO,DGPT,0,0,0,198.163,0,1,0,0
1525,Carlin Goza,66687,MPO,DGPT,0,0,0,307.468,0,1,0,0
1526,Jordan Renzelman,73362,MPO,DGPT,0,0,0,307.468,0,1,0,0
1527,Aaron Swander,75296,MPO,DGPT,0,0,0,307.468,0,1,0,0
1528,Thomas Malone,75420,MPO,DGPT,0,0,0,307.468,0,1,0,0
1529,Silas Schultz,79047,MPO,DGPT,0,0,0,103.209,0,1,0,0
1530,Sean Gilbert,80208,MPO,DGPT,0,0,0,307.468,0,1,0,0
1531,David Bartlett,86010,MPO,DGPT,0,0,0,307.468,0,1,0,0
1532,Victor Baccam,87879,MPO,DGPT,0,0,0,307.468,0,1,0,0
1533,Dylan Hillberg,88262,MPO,DGPT,0,0,0,307.468,0,1,0,0
1534,Josiah O'Polka,88979,MPO,DGPT,0,0,0,142.648,0,1,0,0
1535,Nathan Broekemeier,90286,MPO,DGPT,0,0,0,307.468,0,1,0,0
1536,Hayden Kujala,92973,MPO,DGPT,0,0,0,307.468,0,1,0,0
1537,Spencer Donegan,105962,MPO,DGPT,0,0,0,307.468,0,1,0,0
1538,Darton Potts,111162,MPO,DGPT,0,0,0,307.468,0,1,0,0
1539,Judd Baer,111999,MPO,DGPT,0,0,0,307.468,0,1,0,0
1540,Garrett Warren,118119,MPO,DGPT,0,0,0,307.468,0,1,0,0
1541,Trevor Hastert,118592,MPO,DGPT,0,0,0,307.468,0,1,0,0
1542,Alex Derr,120427,MPO,DGPT,0,0,0,307.468,0,1,0,0
1543,Jeffrey Norvell,122880,MPO,DGPT,0,0,0,307.468,0,1,0,0
1544,Andrew Winjum,127424,MPO,DGPT,0,0,0,307.468,0,1,0,0
1545,Dawson Mills,137240,MPO,DGPT,0,0,0,307.468,0,1,0,0
1546,Gannon Olson,137353,MPO,DGPT,0,0,0,307.468,0,1,0,0
1547,Ethan Juhl,157094,MPO,DGPT,0,0,0,307.468,0,1,0,0
